session_id,window_start,Actual_Synthetic_Progress,Predicted_Linear_Regression,Predicted_Ridge,Predicted_Decision_Tree,Predicted_Random_Forest,Predicted_Extra_Trees,Predicted_Gradient_Boosting,Predicted_HistGradientBoosting,Predicted_XGBoost
18,2023-12-04 11:02:00+00:00,0.0014045934428626782,0.3511670292568785,0.34654390346740854,0.0018819165558397288,0.0039654652830682716,0.10880178652570822,0.1808170005205915,0.07830209677344445,0.09047756
18,2023-12-04 11:03:00+00:00,0.00430038950631357,0.5911078580293325,0.8209598822596582,0.007699291567741488,0.021752173337178878,0.09917024474680006,0.4204314632458338,0.13950179048919512,0.12224846
18,2023-12-04 11:04:00+00:00,0.008097161811359532,-0.15488196929436482,0.04985289775912377,0.007699291567741488,0.02133663729046155,0.11191866442658288,0.2946434143490773,0.06916322256988786,0.060278345
18,2023-12-04 11:05:00+00:00,0.011895735722121978,0.03316109922008842,0.2728889262396702,0.007699291567741488,0.023181204093703396,0.15115965654602087,0.3414912404392391,0.051499350298006175,0.080088094
18,2023-12-04 11:06:00+00:00,0.015694365657858943,0.6419386908092908,0.7354380024033291,0.007699291567741488,0.02210420321676693,0.1827444768786221,0.38574754007825307,0.14752333416764657,0.13432126
18,2023-12-04 11:07:00+00:00,0.01949299700008062,0.7167630406118382,0.7749116332964274,0.007699291567741488,0.03456163400651831,0.20261655575812257,0.5565934105183804,0.1496761957906924,0.19877076
18,2023-12-04 11:08:00+00:00,0.023291749768816105,0.7409922739004888,0.7798855215843019,0.007699291567741488,0.027696416764517798,0.20957233409708348,0.563545083953463,0.17007691085829027,0.19061099
18,2023-12-04 11:09:00+00:00,0.02709612957928616,1.1448037022908584,1.0651432259873248,0.007699291567741488,0.03850317290812704,0.20583895907524177,0.5573182544495324,0.16697646011121567,0.2106401
18,2023-12-04 11:10:00+00:00,0.030886038780703305,0.8309063163760375,0.8718221261721899,0.007699291567741488,0.013098520497320057,0.24424878739560157,0.4230532941590948,0.17110924742896866,0.11686089
18,2023-12-04 11:11:00+00:00,0.03467177377224608,0.8568139648891564,0.8694329195678654,0.007699291567741488,0.02371209497789431,0.20663947314288666,0.4230532941590948,0.14089501514597855,0.12866443
18,2023-12-04 11:12:00+00:00,0.03847170536253053,0.9470353944312682,0.9211714402397673,0.007699291567741488,0.012110457730078985,0.1761858036652948,0.3728587932245198,0.12889527323119312,0.11117341
18,2023-12-04 11:13:00+00:00,0.042270164879202744,0.8550420375631025,0.8582042477378906,0.007699291567741488,0.012367499078788239,0.1917949220438432,0.4230532941590948,0.12972280236927167,0.13609289
18,2023-12-04 11:14:00+00:00,0.046068762934619485,0.9564447420249924,0.9079404363503754,0.007699291567741488,0.012408895880282165,0.1827396230902387,0.3728587932245198,0.13718584716529358,0.092934825
18,2023-12-04 11:15:00+00:00,0.0498643664934475,0.8702064354546697,0.8639254015259654,0.007699291567741488,0.016429463408527165,0.19884909115748003,0.4230532941590948,0.15533956480727132,0.14424345
18,2023-12-04 11:16:00+00:00,0.0536660190554675,0.8232761790478524,0.8375961405033896,0.007699291567741488,0.01395328317201095,0.18995323508291725,0.3728587932245198,0.15488505115627763,0.14160125
18,2023-12-04 11:17:00+00:00,0.05746454069188133,0.8699649296739769,0.8525023357723338,0.007699291567741488,0.02498003617560687,0.18349038890181443,0.3728587932245198,0.1418938111075468,0.12660591
18,2023-12-04 11:18:00+00:00,0.06126301450781483,0.9086652793238206,0.874179644610994,0.007699291567741488,0.015580732073021724,0.19447266175001054,0.4230532941590948,0.1418574250846621,0.16854268
18,2023-12-04 11:19:00+00:00,0.06506154692727815,0.7768961933381466,0.8158634876931503,0.007699291567741488,0.015510172281529065,0.20315379762956623,0.4230532941590948,0.1481737905322925,0.17095925
18,2023-12-04 11:20:00+00:00,0.06886007723701441,0.7848126753045439,0.7927612003067772,0.007699291567741488,0.017171523089944803,0.20786460269886195,0.4230532941590948,0.15631561319616505,0.1721425
18,2023-12-04 11:21:00+00:00,0.07265868654430886,0.7816386035654621,0.810069928027241,0.007699291567741488,0.019309698756995754,0.213543823403733,0.4230532941590948,0.17500698986144483,0.18663254
18,2023-12-04 11:22:00+00:00,0.07645737649006039,0.7826638709526965,0.7957344638694324,0.007699291567741488,0.02922350439973714,0.2130423556600119,0.5668483014433346,0.15926976010935143,0.18375261
18,2023-12-04 11:23:00+00:00,0.0802470624040567,0.7868186358203677,0.8004845921750849,0.007699291567741488,0.019144218097811177,0.1982982664882424,0.4230532941590948,0.15736115385741498,0.16652223
18,2023-12-04 11:24:00+00:00,0.08404054690089251,0.894151908058483,0.8712734969711713,0.007699291567741488,0.02286939935331399,0.17177178130330711,0.4230532941590948,0.14481157199784847,0.16384037
18,2023-12-04 11:25:00+00:00,0.08783898860209165,0.8331467437771356,0.8257827715038937,0.007699291567741488,0.021298631507320528,0.15891161165198067,0.4230532941590948,0.15736115385741498,0.16652223
18,2023-12-04 11:26:00+00:00,0.09163749218861829,0.7730535220757848,0.7777762767429484,0.007699291567741488,0.020989465818105256,0.12479917689684891,0.3728587932245198,0.1536656243269402,0.13803498
18,2023-12-04 11:27:00+00:00,0.09543595615915877,0.7956317145276732,0.7971085788306702,0.007699291567741488,0.01766364115364765,0.12251719156328526,0.4230532941590948,0.14290296574591202,0.1633681
18,2023-12-04 11:28:00+00:00,0.09923442505239577,0.8069817923300211,0.8115751455622251,0.007699291567741488,0.019368481184535102,0.12602456334658665,0.4230532941590948,0.15520829223436913,0.1568276
18,2023-12-04 11:29:00+00:00,0.10303286487828196,0.8384083480197053,0.8284225707107975,0.007699291567741488,0.018885569277923783,0.11019620094494097,0.3728587932245198,0.13920743621543724,0.13535312
18,2023-12-04 11:30:00+00:00,0.10683141042493598,0.7791983807176668,0.7991154575911299,0.007699291567741488,0.019281361798223616,0.1274500182375866,0.4230532941590948,0.15926976010935143,0.17230934
18,2023-12-04 11:31:00+00:00,0.11063017046050916,0.7802930807681396,0.7985406733694786,0.007699291567741488,0.023218659865650828,0.12752403782635202,0.4230532941590948,0.17691559611338128,0.1695513
18,2023-12-04 11:32:00+00:00,0.11442861942854601,0.8405343545490997,0.8425628760557764,0.0018819165558397288,0.018705658821649564,0.1159791876630572,0.3966446192583481,0.13763343448883442,0.16285765
18,2023-12-04 11:33:00+00:00,0.1182271818530166,0.7638199042926108,0.7786607762969675,0.007699291567741488,0.019325973584669764,0.12312507619763949,0.4230532941590948,0.1564017597169552,0.16652223
18,2023-12-04 11:34:00+00:00,0.12202582350945954,0.8754579825637951,0.8491022140985556,0.007699291567741488,0.019087805026926977,0.1163063996788237,0.4230532941590948,0.15736115385741498,0.16652223
18,2023-12-04 11:35:00+00:00,0.12582424528545855,0.9099115637711894,0.8715481696380944,0.0018819165558397288,0.018553795487252143,0.10954692136643236,0.3966446192583481,0.14481157199784847,0.16231705
18,2023-12-04 11:36:00+00:00,0.12962272050787677,0.9354820327743885,0.8910835733381302,0.0018819165558397288,0.0223822323613746,0.1095509448061537,0.3966446192583481,0.12940165563646264,0.16043763
18,2023-12-04 11:37:00+00:00,0.13341416433412887,0.7546216410903956,0.7759537798773499,0.007699291567741488,0.019067959266114654,0.12296773426954365,0.4230532941590948,0.17691559611338128,0.1753384
18,2023-12-04 11:38:00+00:00,0.13720575917797384,0.7887506516653962,0.8034790399961802,0.007699291567741488,0.020058807436823183,0.122967468834967,0.4230532941590948,0.15926976010935143,0.16652223
18,2023-12-04 11:39:00+00:00,0.14100425198145097,0.80197861085469,0.815492396254156,0.007699291567741488,0.020013187842862434,0.122967468834967,0.4230532941590948,0.15926976010935143,0.16332474
18,2023-12-04 11:40:00+00:00,0.14480593126668057,0.7977562089094197,0.7999679253768277,0.007699291567741488,0.02141234026143218,0.12306625346658649,0.4230532941590948,0.15736115385741498,0.16651186
18,2023-12-04 11:41:00+00:00,0.1486013855037146,0.9018452188381478,0.8609534318955492,0.007699291567741488,0.030983995470722656,0.10957640111579386,0.4230532941590948,0.14481157199784847,0.17080037
18,2023-12-04 11:42:00+00:00,0.15239804670425297,0.23002872492247,0.8817452110568904,0.007699291567741488,0.013564077594596208,0.11860376269269006,0.3042923381923617,0.1072496083033177,0.039690606
18,2023-12-04 11:43:00+00:00,0.15619890534044684,-0.07360147253563509,0.13380980797747494,0.007699291567741488,0.024811942931503954,0.23938937740788183,0.3659168244720155,0.14107916063514503,0.094597936
18,2023-12-04 11:44:00+00:00,0.15999306650575268,-0.07772808975501855,0.1426000342827582,0.007699291567741488,0.02993587278947987,0.24016936481420922,0.23724400773894425,0.19342985873457816,0.16781974
18,2023-12-04 11:45:00+00:00,0.16379667811001383,0.3644246220351275,0.45774882352260793,0.22708815275047156,0.27508110005384073,0.23472437158112508,0.4963088028838222,0.3063845372977375,0.31458816
18,2023-12-04 11:46:00+00:00,0.167593797984594,0.42620242988299367,0.1701523864424374,0.22708815275047156,0.2697388675355436,0.27891410468587735,0.4566257885657988,0.2957375077339133,0.308648
18,2023-12-04 11:47:00+00:00,0.17139410347785602,0.4963292998036129,0.5966879761720781,0.22708815275047156,0.2903438722923723,0.4930125729661304,0.5982170651033366,0.45227371407318306,0.4282289
18,2023-12-04 11:48:00+00:00,0.17519267996717375,0.5453205053421724,0.61786981175545,0.22708815275047156,0.2944015045790461,0.544067166954415,0.6246257400040833,0.4885249856295826,0.49755743
18,2023-12-04 11:49:00+00:00,0.17897559909304836,2.5145100657639547,1.069361983494086,0.9184825748728367,0.37186785050870586,0.5065985851618608,0.6417935745280734,0.5142416002666733,0.5729123
18,2023-12-04 11:50:00+00:00,0.1827757402033698,0.7916380059134309,0.8465339288853113,0.9184825748728367,0.3196387620685405,0.5844954943050445,0.6451402493724866,0.49361140016349764,0.5159078
18,2023-12-04 11:51:00+00:00,0.18657424144575527,0.8396925871764123,0.8690354422583926,0.007699291567741488,0.02576562833419592,0.5683599541786319,0.262495602250552,0.1821687564213668,0.1803102
18,2023-12-04 11:52:00+00:00,0.19037273471806068,0.7844922715276224,0.8403590004157913,0.007699291567741488,0.017986903032228777,0.552937690701284,0.3269414393137525,0.21017230287527247,0.19346662
18,2023-12-04 11:53:00+00:00,0.19417117290304803,0.8303206894931923,0.8721296053711978,0.007699291567741488,0.011511174146783185,0.5466999986499168,0.2851691849743264,0.17336914759679467,0.1217366
18,2023-12-04 11:54:00+00:00,0.19796963734241677,0.7940140819729824,0.8539537501328494,0.007699291567741488,0.011593893943127343,0.5663885199631518,0.2645271499744134,0.18061388568240364,0.113830924
18,2023-12-04 11:55:00+00:00,0.20176806755732404,0.8694012251691352,0.8880929659596863,0.0018819165558397288,0.009954152588371984,0.531024534243521,0.2881293507986709,0.1849319252934244,0.12760875
18,2023-12-04 11:56:00+00:00,0.20556650128844314,0.8173918223903986,0.8509451831639678,0.007699291567741488,0.010284495262490891,0.5261951311985832,0.2946811285067072,0.1849319252934244,0.12652642
18,2023-12-04 11:57:00+00:00,0.2093650585558031,0.8800560306496057,0.8812809243691331,0.007699291567741488,0.011246730627453532,0.5027484832786633,0.3113092941517222,0.1799950728277617,0.1412265
18,2023-12-04 11:58:00+00:00,0.2131690498178202,0.9051094990895625,0.8898758278095078,0.007699291567741488,0.010176534792267768,0.4453029738019375,0.315429975581109,0.19136769701075795,0.13637045
18,2023-12-04 11:59:00+00:00,0.21696209995331783,0.8944697988643573,0.8741270335788776,0.007699291567741488,0.012429710787116178,0.4294612703179762,0.34507748075450406,0.18739225368166929,0.167179
18,2023-12-04 12:00:00+00:00,0.22076062182414577,0.8790566670581446,0.8642836826604832,0.007699291567741488,0.012902948229489043,0.40394622797719093,0.3828143766955419,0.1981361526870819,0.11206747
18,2023-12-04 12:01:00+00:00,0.22456578174599046,0.8430863479395971,0.8377175510718384,0.007699291567741488,0.01309604143666017,0.3980581052121975,0.4665172716080302,0.22568378916151102,0.13600859
18,2023-12-04 12:02:00+00:00,0.2283576461094298,0.8108623531967898,0.8208241916056258,0.007699291567741488,0.016281103705151487,0.4133305473835334,0.4665172716080302,0.2356108732736249,0.19584957
18,2023-12-04 12:03:00+00:00,0.2321490801094603,0.7427687776439105,0.7840248153753744,0.007699291567741488,0.016137345710567134,0.39474989781278735,0.4665172716080302,0.2375554140310302,0.19327684
18,2023-12-04 12:04:00+00:00,0.23594051857991627,0.9090886980706334,0.8701190720787362,0.007699291567741488,0.017423438643011557,0.30376161675732655,0.37391253817978226,0.1855655731677451,0.13723928
18,2023-12-04 12:05:00+00:00,0.2397389989594451,0.8669263335661772,0.8435329450352049,0.007699291567741488,0.015969162952739015,0.3438540570636558,0.4163227706734552,0.20258885867137483,0.19420516
18,2023-12-04 12:06:00+00:00,0.2435375979525183,0.7795149208504246,0.8046122996295679,0.007699291567741488,0.019965098355724877,0.3668964648721261,0.45217174898757523,0.20828796532867982,0.17809443
18,2023-12-04 12:07:00+00:00,0.24733604645172694,0.9167847138108844,0.8781267314763654,0.007699291567741488,0.019965098355724877,0.3122662494139262,0.45217174898757523,0.19758794522142398,0.18745975
18,2023-12-04 12:08:00+00:00,0.2511345387863758,0.8167821670800426,0.8205807883308385,0.007699291567741488,0.019817481550621057,0.32430699412362923,0.4358954241297999,0.21115212166372874,0.17338867
18,2023-12-04 12:09:00+00:00,0.2549313693140186,0.7950891305401346,0.810055622828626,0.007699291567741488,0.03071707342879351,0.3128111349532552,0.4358954241297999,0.2089992600406829,0.16462137
18,2023-12-04 12:10:00+00:00,0.25873142500174356,0.8652055056971624,0.8444515088864424,0.007699291567741488,0.03291185878109489,0.2608670979678757,0.4358954241297999,0.19758794522142398,0.18127601
18,2023-12-04 12:11:00+00:00,0.26253537633493185,0.854244270744815,0.8397725242964165,0.007699291567741488,0.026757891571016823,0.22769621864569506,0.4358954241297999,0.19758794522142398,0.174316
18,2023-12-04 12:12:00+00:00,0.26632853930204936,0.8290413724287835,0.8412527525141522,0.007699291567741488,0.031412706984922205,0.2342710823215749,0.4358954241297999,0.2279476961261609,0.17626736
18,2023-12-04 12:13:00+00:00,0.2701239909753424,0.8243494911974811,0.8154640889892237,0.007699291567741488,0.031591334677697744,0.17496928163624606,0.4358954241297999,0.19758794522142398,0.1821549
18,2023-12-04 12:14:00+00:00,0.2739366667000004,1.2234275792128586,0.7137199622162821,0.007699291567741488,0.019653484891898745,0.11093103531815739,0.26359796365577465,0.12601957081392354,0.10316348
18,2023-12-04 12:15:00+00:00,0.27772425658046845,0.3827000048003258,0.2305259012608724,0.007699291567741488,0.0068123984784289725,0.14581979647128945,0.15165381285172871,0.18163065846659088,0.11096171
18,2023-12-04 12:16:00+00:00,0.2815229055037491,0.5424439493446322,0.7144661362436487,0.0018819165558397288,0.013545723105268444,0.24214150562636927,0.09973253539793941,0.13043806700856625,0.09447037
18,2023-12-04 12:17:00+00:00,0.28531450330173475,0.9321466625001755,0.9006238428174385,0.0018819165558397288,0.027954322477189895,0.3160056592180446,0.34673889467174557,0.20324638909722562,0.20310038
18,2023-12-04 12:18:00+00:00,0.2891061047475179,0.8517336143262999,0.8350984689113827,0.007699291567741488,0.04264061252156311,0.3428135319124688,0.48686794701108477,0.21821726744748984,0.24936555
18,2023-12-04 12:19:00+00:00,0.2929070215188141,0.7047329457488378,0.5109405466058229,0.007699291567741488,0.015318843974756833,0.33496418769229175,0.2568246048432439,0.17495063118049117,0.14415726
18,2023-12-04 12:20:00+00:00,0.2967038681405201,-0.1547598433210804,0.07016537323463007,0.22708815275047156,0.2677225868012878,0.38549756506970256,0.6164620004764022,0.44442071403857064,0.44551274
18,2023-12-04 12:21:00+00:00,0.3005025555077163,0.08245816243882281,0.26332742606879256,0.22708815275047156,0.2679611153774862,0.4140040731198665,0.6164620004764022,0.4408859909420316,0.44169766
18,2023-12-04 12:22:00+00:00,0.30430137274033464,0.2579986857395018,0.4292713338797663,0.22708815275047156,0.3221640233750717,0.45894974613672623,0.5681524892549997,0.41869716486397507,0.4379331
18,2023-12-04 12:23:00+00:00,0.3080999989254457,0.5520982628550724,0.6629010682659061,0.22708815275047156,0.500001026402166,0.6140031416674884,0.6662538840082303,0.517003804372692,0.60202944
18,2023-12-04 12:24:00+00:00,0.31189882692554355,0.6530437165875616,1.329607247155555,0.015390160813376578,0.43876441570539204,0.6229220202430864,0.6996180401096537,0.5745710534607825,0.6773378
18,2023-12-04 12:25:00+00:00,0.3156972505924254,0.850361508531194,0.9274829004463527,0.9184825748728367,0.37072247247449536,0.6472032633511774,0.6451402493724866,0.5331105174532628,0.5806322
18,2023-12-04 12:26:00+00:00,0.3194958547426092,0.8973025604196967,0.9492107785923227,0.9184825748728367,0.4414687343519636,0.7409399801956453,0.6481004151968311,0.517768629315407,0.56672555
18,2023-12-04 12:27:00+00:00,0.3232942903490413,0.88946430578028,0.9254112531680974,0.007699291567741488,0.1534869865149478,0.8045160916480802,0.3576553065860056,0.5203572488657201,0.52977824
18,2023-12-04 12:28:00+00:00,0.32709274799040056,0.8413570301935498,0.8957786270548895,0.007699291567741488,0.043523770818671786,0.825167270949783,0.2862588819115582,0.22515247244281647,0.20296393
18,2023-12-04 12:29:00+00:00,0.3308841897600827,1.008194795592424,0.9860328983368389,0.007699291567741488,0.01195568615258217,0.702351422434046,0.26111479321714715,0.1770989520962843,0.13762772
18,2023-12-04 12:30:00+00:00,0.33467562655565414,0.8429859427270121,0.8808145442206547,0.007699291567741488,0.011626245338440226,0.7301469931644272,0.315429975581109,0.18038597412225077,0.14313504
18,2023-12-04 12:31:00+00:00,0.3384741041222135,0.8480266406764803,0.8804705062673279,0.0018819165558397288,0.012077286793072572,0.6869330628979281,0.3518108673224123,0.1802551648893689,0.17150474
18,2023-12-04 12:32:00+00:00,0.34227257606283407,0.92994100324831,0.923654966674708,0.0018819165558397288,0.011900696746837476,0.5953677444186498,0.4110712017029754,0.17709884191076655,0.13847159
18,2023-12-04 12:33:00+00:00,0.34607114880152595,0.9035394199110915,0.9070686827001144,0.007699291567741488,0.012199538166424983,0.5418279428968541,0.4732506581759384,0.20890956755199086,0.14190446
18,2023-12-04 12:34:00+00:00,0.34986968637809984,0.9392379490232377,0.9284348244062346,0.0018819165558397288,0.01579847695604796,0.49321817027507536,0.4468419832751917,0.21722290862478408,0.16886263
18,2023-12-04 12:35:00+00:00,0.35366815995961925,0.9055678976721429,0.8999646497597393,0.007699291567741488,0.016292358230306763,0.4371374995397838,0.4732506581759384,0.2392955408725911,0.15741786
18,2023-12-04 12:36:00+00:00,0.35746680489785987,0.8956713018219351,0.9065137699128001,0.0018819165558397288,0.014655714995466779,0.4593031047372543,0.4732506581759384,0.24139328616900507,0.16639514
18,2023-12-04 12:37:00+00:00,0.3612653136414971,0.901026393022939,0.8962712870643934,0.007699291567741488,0.016271510490605396,0.4429157451873941,0.4732506581759384,0.22995987671113177,0.20172688
18,2023-12-04 12:38:00+00:00,0.36506376729781637,0.9021257385502826,0.8821126188960606,0.007699291567741488,0.02308589969582075,0.4084577938694343,0.4163227706734552,0.22453277517702575,0.19328721
18,2023-12-04 12:39:00+00:00,0.36886223736312396,0.9217298504248252,0.8836834669832687,0.007699291567741488,0.016634781063802544,0.3893484641073645,0.4163227706734552,0.21544869760596272,0.16578338
18,2023-12-04 12:40:00+00:00,0.3726610297478456,0.9037170267543861,0.8878843162221115,0.007699291567741488,0.021009423292765398,0.39525844484994965,0.45661750713704025,0.22692120167196392,0.19251302
18,2023-12-04 12:41:00+00:00,0.376459754855715,0.8675661566014701,0.864042970230932,0.007699291567741488,0.01605878753150423,0.3595721063133381,0.4502409467502549,0.21130004848506487,0.1911458
18,2023-12-04 12:42:00+00:00,0.38026298147020343,0.8642426337661822,0.8574897314927261,0.007699291567741488,0.03191063965971618,0.3508459818273249,0.4502409467502549,0.22507969573376466,0.2010545
18,2023-12-04 12:43:00+00:00,0.3840496338927709,0.823978901614304,0.8232344117247079,0.007699291567741488,0.020044258922825284,0.3408372248940015,0.4502409467502549,0.22342545421522983,0.18084142
18,2023-12-04 12:44:00+00:00,0.3878410024537907,0.9210583837411765,0.8921089401781195,0.007699291567741488,0.019645793373706453,0.2920828720800342,0.4358954241297999,0.19758794522142398,0.1845864
18,2023-12-04 12:45:00+00:00,0.3916394446238181,0.9885884001537382,0.9232527362597602,0.007699291567741488,0.04146086809382855,0.26600610942854813,0.5496158015683923,0.21534291382431592,0.19939567
18,2023-12-04 12:46:00+00:00,0.3954379062502174,0.833371993046534,0.8427822256564079,0.007699291567741488,0.03155807715478376,0.28159515585413025,0.4502409467502549,0.22105371392466902,0.18392287
18,2023-12-04 12:47:00+00:00,0.3992363751434544,0.790009929248797,0.8232231991980019,0.007699291567741488,0.03155807715478376,0.2553041509134061,0.4358954241297999,0.2407008489206637,0.17770822
18,2023-12-04 12:48:00+00:00,0.40304095600839585,0.805714846808677,0.8077029718704356,0.007699291567741488,0.023129622831585463,0.20948546815324026,0.4358954241297999,0.2080398659002231,0.16638865
18,2023-12-04 12:49:00+00:00,0.4068334999923956,0.8589543579471273,0.8484182068664401,0.007699291567741488,0.03149489623900266,0.1902653389101336,0.4358954241297999,0.2145825801132593,0.18392287
18,2023-12-04 12:50:00+00:00,0.4106370345375563,1.838351007612538,1.1550137979480486,0.007699291567741488,0.030306208529490196,0.14311229271103265,0.4325487492853867,0.19586014062184054,0.18104848
18,2023-12-04 12:51:00+00:00,0.4144251475893595,-0.18703254841560701,0.04545696569404589,0.007699291567741488,0.0070287627864284745,0.09995763157109598,0.14527725246494336,0.16481103264800318,0.111376785
18,2023-12-04 12:52:00+00:00,0.41822907334054543,0.0760748255469808,0.21548566151938403,0.22708815275047156,0.20201101265310187,0.16076836057767618,0.31417141816424987,0.32394005449429436,0.28367776
18,2023-12-04 12:53:00+00:00,0.4220276491266208,0.3280562631117552,0.43565365617171675,0.22708815275047156,0.24445104031269263,0.226969081575179,0.5830684191850973,0.4030207997721209,0.35110793
18,2023-12-04 12:54:00+00:00,0.42582628187532723,0.6989237825450343,0.7543605117016017,0.22708815275047156,0.3203441711254172,0.38758604251456813,0.7879425032214236,0.587105032940629,0.5982188
18,2023-12-04 12:55:00+00:00,0.4296249307986078,0.7790456226485323,0.7738174470851992,0.015390160813376578,0.36134515726927413,0.39843716869957113,0.7525721432026354,0.6241953863195966,0.72376573
18,2023-12-04 12:56:00+00:00,0.4334237295125107,0.7626236194616554,0.7540812345683529,0.015390160813376578,0.3556972070451307,0.40890823014831584,0.7312561328439577,0.6592160506386878,0.7660088
18,2023-12-04 12:57:00+00:00,0.4372204896597692,0.7458550955703918,0.7368532832488142,0.015390160813376578,0.32646035910098303,0.40063028214031277,0.7312561328439577,0.6607880091973685,0.7624308
18,2023-12-04 12:58:00+00:00,0.44100692148944176,0.7545116977724651,0.7371989827361385,0.015390160813376578,0.3267031740211077,0.4004599737681669,0.7312561328439577,0.6366334397001313,0.73391104
18,2023-12-04 12:59:00+00:00,0.44480637236410825,0.9227325641073709,0.8668499298591611,0.015390160813376578,0.3133585283458798,0.35800796783595756,0.5252759927865212,0.35128239725732585,0.4608762
18,2023-12-04 13:00:00+00:00,0.44860445398453647,0.8279677365014142,0.8304568698648027,0.9184825748728367,0.2744579229478112,0.43778212719860365,0.5541118435029461,0.46731115104034765,0.48939595
18,2023-12-04 13:01:00+00:00,0.45240309071828294,0.9660501656059641,0.9351391976665335,0.015390160813376578,0.21713892459211082,0.4095370294309765,0.4395956924805116,0.47914050622255033,0.47743952
18,2023-12-04 13:02:00+00:00,0.4562019220157484,0.7480875160102021,0.7930973020384656,0.007699291567741488,0.026048428295272402,0.41285534708235333,0.25570572451184886,0.19684284939432073,0.15783063
18,2023-12-04 13:03:00+00:00,0.46000062438544825,0.771490355456502,0.7866765811583771,0.007699291567741488,0.03131143701744138,0.39877020604277275,0.41835256906953516,0.2525665949070232,0.2440792
18,2023-12-04 13:04:00+00:00,0.46379943997716766,0.7841968911717037,0.7884552530724722,0.007699291567741488,0.029826487190761603,0.3864413332876355,0.4011656340774831,0.1947357192280443,0.22741051
18,2023-12-04 13:05:00+00:00,0.4676015408330981,0.783396932134869,0.7807247733059226,0.007699291567741488,0.045990239003334425,0.3949831896918256,0.5924376498493069,0.2776958479699378,0.32648948
18,2023-12-04 13:06:00+00:00,0.47139697716054474,0.8630577179484828,0.8302759538415339,0.007699291567741488,0.04270169406627989,0.3956328515462731,0.5704580865775178,0.22331548019594882,0.2624208
18,2023-12-04 13:07:00+00:00,0.47518306123537934,0.5242804114885069,0.3999140477194078,0.22708815275047156,0.19532246810801013,0.30187107444344474,0.340408814854521,0.33563735533705086,0.35799447
18,2023-12-04 13:08:00+00:00,0.47898745903751566,0.25615697432628126,0.36819332326983045,0.22708815275047156,0.29360108233692095,0.3564185639670177,0.7930330102716125,0.5792359053769981,0.5639267
18,2023-12-04 13:09:00+00:00,0.48277900817060726,0.36287092246746555,0.4656481486924604,0.22708815275047156,0.4912273115286217,0.4615682224701531,0.8183679261610532,0.578290873341766,0.6187067
18,2023-12-04 13:10:00+00:00,0.4865777013981564,0.6611638819721226,0.7436358112794959,0.22708815275047156,0.6544445983760012,0.5941753397673777,0.8003938588726243,0.7708626164422387,0.7498852
18,2023-12-04 13:11:00+00:00,0.4903763444610841,0.7948657783236421,0.8029528015654683,0.8232075156398654,0.7271113327217018,0.5801816463653806,0.803715386301838,0.7951853076399896,0.8531901
18,2023-12-04 13:12:00+00:00,0.4941672001732081,0.6614293694080513,0.9330337321113207,0.9184825748728367,0.6083852131360997,0.545113001670704,0.6754620248610614,0.6692925821065698,0.6837474
18,2023-12-04 13:13:00+00:00,0.4979744594282082,0.7502261947930262,0.8115429811737054,0.9184825748728367,0.3614366461586334,0.5730940945451293,0.5846222604077446,0.48602854837509135,0.5085631
18,2023-12-04 13:14:00+00:00,0.5017682786485457,0.7896973572050361,0.8418996812810642,0.015390160813376578,0.30863388057615737,0.5867403688144822,0.5610200595834871,0.47403459170720424,0.4971761
18,2023-12-04 13:15:00+00:00,0.5055707413710334,0.870093324841307,0.9103406618002619,0.015390160813376578,0.33462114073111393,0.6061009769992836,0.5990572217459411,0.5033364148870229,0.5233128
18,2023-12-04 13:16:00+00:00,0.5093692505834989,0.8650584797832299,0.8940372736021773,0.007699291567741488,0.10410278459612442,0.611521661504575,0.3546951407616611,0.5372093878592733,0.5165632
18,2023-12-04 13:17:00+00:00,0.5131677101001711,0.8477574269737471,0.8753885253478333,0.007699291567741488,0.02572111902326221,0.5721634222955996,0.303339238489495,0.2335731820950746,0.17507166
18,2023-12-04 13:18:00+00:00,0.5169661928238412,0.7952840225416726,0.8501477450624682,0.007699291567741488,0.01644849611416025,0.5875415601732054,0.2851691849743264,0.18128030837104261,0.1917443
18,2023-12-04 13:19:00+00:00,0.5207647657969472,0.7978591387786698,0.8487411872328963,0.007699291567741488,0.011549476317672646,0.6534425386790469,0.2645271499744134,0.18315402463277106,0.11518106
18,2023-12-04 13:20:00+00:00,0.5245633823710794,0.869268742687979,0.8837830271522795,0.007699291567741488,0.01153393994872854,0.6228110967756632,0.2881293507986709,0.1843939582572204,0.12652642
18,2023-12-04 13:21:00+00:00,0.5283549026904057,0.8395107251585405,0.8521722175542028,0.007699291567741488,0.01161683952109278,0.6516325971642626,0.2946811285067072,0.1868930885625124,0.12242773
18,2023-12-04 13:22:00+00:00,0.532146451749426,0.9896739196844142,0.946373746227611,0.007699291567741488,0.01295986828568767,0.5623722550604487,0.315429975581109,0.19412743446979167,0.14383292
18,2023-12-04 13:23:00+00:00,0.5359450383185509,0.9223571465604583,0.9010478732253395,0.007699291567741488,0.012303924291022034,0.5847271264655213,0.315429975581109,0.19805177295978196,0.14763065
18,2023-12-04 13:24:00+00:00,0.53974355456344,0.9244386067456323,0.9143542628602446,0.0018819165558397288,0.012821071764770969,0.5047564178383985,0.3518108673224123,0.19512073271492547,0.17570609
18,2023-12-04 13:25:00+00:00,0.5435419948581545,0.9564258435669477,0.9233418083566043,0.007699291567741488,0.01436000149292424,0.4657259689449708,0.4374798766037221,0.2039877344469041,0.14184476
18,2023-12-04 13:26:00+00:00,0.5473404672676032,0.8072474153535656,0.8239036511674687,0.007699291567741488,0.014546764390404391,0.47014215784362545,0.4732506581759384,0.22987834195585446,0.1811782
18,2023-12-04 13:27:00+00:00,0.551138992654643,0.8518053985145575,0.8578886384927533,0.007699291567741488,0.017894709360877274,0.4750399821439414,0.4732506581759384,0.23708079428237597,0.21040781
18,2023-12-04 13:28:00+00:00,0.5549344114620307,0.9741316004606593,0.9220720354183234,0.007699291567741488,0.0176260666195885,0.40933637129134914,0.4230561572413634,0.21926630250008985,0.19878507
18,2023-12-04 13:29:00+00:00,0.5587360448352072,0.8036881991879743,0.83161793531192,0.007699291567741488,0.0276724334439697,0.44971133543646696,0.4732506581759384,0.24825246993556468,0.19487396
18,2023-12-04 13:30:00+00:00,0.5625344813792956,0.9438359091421593,0.9051073140043975,0.007699291567741488,0.017635614586462747,0.4223575053182853,0.4665172716080302,0.22995987671113177,0.19685774
18,2023-12-04 13:31:00+00:00,0.5663329978585989,0.8650314748271843,0.8625320452930876,0.007699291567741488,0.02321580541111403,0.42671532402166323,0.4665172716080302,0.22874807905786315,0.19427063
18,2023-12-04 13:32:00+00:00,0.5701314442480804,0.9089571512656396,0.890610132647264,0.007699291567741488,0.021791998805167197,0.3645229665984578,0.4163227706734552,0.2103245925256502,0.16578338
18,2023-12-04 13:33:00+00:00,0.5739299145478021,0.8291411771392139,0.8381289430234422,0.007699291567741488,0.020575565018953256,0.4013805507736254,0.40642300620246524,0.22611642035932086,0.1589725
18,2023-12-04 13:34:00+00:00,0.5777283939896745,0.8476779373272127,0.8579277456131962,0.007699291567741488,0.029577566682205448,0.3887278461369754,0.4502409467502549,0.22874807905786315,0.19441976
18,2023-12-04 13:35:00+00:00,0.5815199753072147,0.8641401956227956,0.8614451673929482,0.007699291567741488,0.04034584348379366,0.33153544453997214,0.5940359540344946,0.2130607279156652,0.18376388
18,2023-12-04 13:36:00+00:00,0.5853115057969768,0.8348120163347166,0.8367769088392718,0.007699291567741488,0.04004796860204963,0.2822639387195634,0.4000464458156799,0.2114546613128816,0.16239563
18,2023-12-04 13:37:00+00:00,0.5891160557933258,0.9586393308146914,0.9080759715129976,0.007699291567741488,0.032493996308802696,0.23808550042218138,0.5294959304794647,0.19884987901103662,0.15454637
18,2023-12-04 13:38:00+00:00,0.5929084410048954,0.8696272494828965,0.8590643446146884,0.007699291567741488,0.02994945997411468,0.2244817076705643,0.4502409467502549,0.2145825801132593,0.18035235
18,2023-12-04 13:39:00+00:00,0.5967069886612766,0.8283962239715454,0.8246146186549952,0.007699291567741488,0.03175851098819534,0.1885288103972959,0.4358954241297999,0.21477433435058163,0.18878391
18,2023-12-04 13:40:00+00:00,0.600505601719197,0.8369003719116468,0.8369522944253125,0.007699291567741488,0.03149489623900266,0.19760452637948195,0.4358954241297999,0.2279476961261609,0.17946482
18,2023-12-04 13:41:00+00:00,0.604304279241,0.8078943669279686,0.8199044966215905,0.007699291567741488,0.031538205422759216,0.1961087180711404,0.4358954241297999,0.23537822407803038,0.1821549
18,2023-12-04 13:42:00+00:00,0.6081028451816824,1.041216514698775,0.9584951975961717,0.007699291567741488,0.031199006019931648,0.141752564421863,0.4358954241297999,0.19769707782028606,0.17648363
18,2023-12-04 13:43:00+00:00,0.6119013121996065,0.8403585650857157,0.8438973212995708,0.007699291567741488,0.041540746937704806,0.17663988799584185,0.4358954241297999,0.22507969573376466,0.18912527
18,2023-12-04 13:44:00+00:00,0.6156998228185567,0.8453469150228732,0.849352004386837,0.007699291567741488,0.031591334677697744,0.163819801360825,0.4358954241297999,0.22603908987422444,0.18216527
18,2023-12-04 13:45:00+00:00,0.619498250923737,0.7944682614025074,0.8202527532434019,0.007699291567741488,0.03150494789984523,0.1896770729900579,0.4358954241297999,0.2024987403737855,0.17946482
18,2023-12-04 13:46:00+00:00,0.6232911502455559,0.8356937048649447,0.8389738201388812,0.007699291567741488,0.04150748941479082,0.18984282146108655,0.4230532941590948,0.21183787457759146,0.17990352
18,2023-12-04 13:47:00+00:00,0.6270951364358623,0.7890177696579888,0.8034669877844856,0.007699291567741488,0.04146086809382855,0.1711104688516859,0.4230532941590948,0.18952037841522626,0.18611817
18,2023-12-04 13:48:00+00:00,0.6308935889201109,0.815666616331129,0.8213434482212885,0.007699291567741488,0.03545894389536762,0.1584717013550196,0.4230532941590948,0.1876117721632898,0.17739019
18,2023-12-04 13:49:00+00:00,0.6346798254355895,0.8175427237543293,0.8169765276213548,0.007699291567741488,0.031650860515139725,0.1711448529991185,0.4230532941590948,0.2024987403737855,0.17470011
18,2023-12-04 13:50:00+00:00,0.6384764878793929,0.7650350174928353,0.7912791511741999,0.007699291567741488,0.04152039393127053,0.1711351106522111,0.5668483014433346,0.20440734662572196,0.18436056
18,2023-12-04 13:51:00+00:00,0.642280278088167,0.7725912753488307,0.7955822135882289,0.007699291567741488,0.03540960853950484,0.17332495188029848,0.4230532941590948,0.2024987403737855,0.17470011
18,2023-12-04 13:52:00+00:00,0.6460736907882358,0.773510086666612,0.7915519109733464,0.007699291567741488,0.03046739145386348,0.16502968022024508,0.4230532941590948,0.18545891054024397,0.16386089
18,2023-12-04 13:53:00+00:00,0.6498721627288564,0.7640658222243677,0.7816065885903314,0.007699291567741488,0.04155589757970204,0.17318501510800235,0.5367736715976873,0.20134165891408418,0.18288757
18,2023-12-04 13:54:00+00:00,0.6536705995073591,0.8344659687932467,0.8245954699643991,0.007699291567741488,0.03032008687539043,0.1472072242350572,0.4230532941590948,0.17404759572098505,0.17740056
18,2023-12-04 13:55:00+00:00,0.6574713075721923,0.9881018958939412,0.9153446556704525,0.007699291567741488,0.030871156727613994,0.116262090119824,0.3728587932245198,0.15696240481832918,0.14320238
18,2023-12-04 13:56:00+00:00,0.6612676256679559,0.8423630902783832,0.830715877588847,0.007699291567741488,0.022850321020565004,0.1322787976803372,0.4230532941590948,0.172854128238399,0.16162394
18,2023-12-04 13:57:00+00:00,0.6650660969053341,0.8410986697327805,0.825518791107575,0.007699291567741488,0.04001085031551009,0.12321169311928967,0.5166538005087598,0.17131146033097006,0.15729578
18,2023-12-04 13:58:00+00:00,0.6688645296987968,0.8170168134446247,0.8172709821013868,0.007699291567741488,0.0199674394443185,0.1288708945581894,0.4230532941590948,0.17691559611338128,0.16907904
18,2023-12-04 13:59:00+00:00,0.6726630274249704,0.7874039336808925,0.7963819398309444,0.007699291567741488,0.04133559201426591,0.15389182274033564,0.5668483014433346,0.2024987403737855,0.18436056
18,2023-12-04 14:00:00+00:00,0.6764615382783349,0.79994279206305,0.8047850297977157,0.007699291567741488,0.03153596782317448,0.14702326180519032,0.4230532941590948,0.1887368766122392,0.17416996
18,2023-12-04 14:01:00+00:00,0.6802599888872705,0.8092573889131107,0.8180689107647747,0.007699291567741488,0.040198981638877,0.14721407321682667,0.5668483014433346,0.17500698986144483,0.17757669
18,2023-12-04 14:02:00+00:00,0.6840584915361406,0.8279836876476954,0.8265232292678022,0.007699291567741488,0.035180668791980514,0.1472635546335402,0.4230532941590948,0.18989395807194054,0.17294352
18,2023-12-04 14:03:00+00:00,0.6878570077810298,0.8768333943005264,0.8360207047177826,0.007699291567741488,0.040180909251869366,0.1127976545280845,0.3728587932245198,0.15470293519258657,0.15813655
18,2023-12-04 14:04:00+00:00,0.691648403128002,0.849909131341676,0.8416417318305369,0.007699291567741488,0.030249569378869936,0.13228725441691444,0.4230532941590948,0.15736115385741498,0.16758762
18,2023-12-04 14:05:00+00:00,0.6954398659522549,0.8851348917961848,0.8542298240684025,0.007699291567741488,0.040232239161790986,0.13232717168852826,0.4230532941590948,0.1564017597169552,0.17454763
18,2023-12-04 14:06:00+00:00,0.6992384140774642,0.8363309024407006,0.823030560575144,0.007699291567741488,0.04148538008318154,0.13229088454806373,0.5668483014433346,0.15781291671974945,0.18037586
18,2023-12-04 14:07:00+00:00,0.7030369486066547,0.7092501939594702,0.7632214309369474,0.007699291567741488,0.029854957045599373,0.17315778768724926,0.4230532941590948,0.18913362436088393,0.1764826
18,2023-12-04 14:08:00+00:00,0.7068353867916419,0.8303663075559418,0.8192126683031915,0.007699291567741488,0.03406795459214982,0.1323269934867206,0.4230532941590948,0.17691559611338128,0.17061669
18,2023-12-04 14:09:00+00:00,0.710629423501225,0.7512070547908185,0.7733775095602018,0.007699291567741488,0.03138471516550605,0.15385208367052944,0.4230532941590948,0.18817423022042415,0.17740056
18,2023-12-04 14:10:00+00:00,0.7144322973860782,0.8726577958820845,0.8415426503333878,0.007699291567741488,0.02495720637699398,0.12225737267743897,0.3728587932245198,0.1564017597169552,0.16386966
18,2023-12-04 14:11:00+00:00,0.7182307318204396,0.8510710756468503,0.828505084368595,0.007699291567741488,0.030972839587119497,0.11290859094399729,0.3728587932245198,0.17142059292983214,0.14588425
18,2023-12-04 14:12:00+00:00,0.7220256622708883,0.8574667017454449,0.8315214656661476,0.007699291567741488,0.019000345916187957,0.11637844662512747,0.3728587932245198,0.1536656243269402,0.13802461
18,2023-12-04 14:13:00+00:00,0.7258277218812622,0.8757422453775523,0.8524868485501369,0.007699291567741488,0.03289059523075851,0.1323149066189941,0.4230532941590948,0.17691559611338128,0.17061669
18,2023-12-04 14:14:00+00:00,0.7296262163256382,0.8889658945440435,0.8559637743352719,0.0018819165558397288,0.029724780525528564,0.12313657533750008,0.3966446192583481,0.1356151009852518,0.13110037
18,2023-12-04 14:15:00+00:00,0.7322872044180948,0.818512856526127,0.8220728323656838,0.007699291567741488,0.03996749515203475,0.12900067957934996,0.5668483014433346,0.17895776254162726,0.17634659
18,2023-12-04 14:17:00+00:00,0.742016722763037,0.20226312060742307,0.3998116759263662,0.007699291567741488,0.008858936135912028,0.06015122701759989,0.17937238261246422,0.12158858288768096,0.082921945
18,2023-12-04 14:18:00+00:00,0.744831589981463,0.18857955719737213,0.30574870389062125,0.0018819165558397288,0.007528849044197199,0.074187529169487,0.14058286753691923,0.11858316811132989,0.074926354
18,2023-12-04 14:19:00+00:00,0.7486049317407488,0.08778521616151075,0.22849992678821074,0.22708815275047156,0.2875599878567927,0.15295879413843183,0.4829725962950481,0.2593626448027076,0.2731207
18,2023-12-04 14:20:00+00:00,0.7523811444282346,0.314546376524794,0.3091470347097517,0.22708815275047156,0.275658132449263,0.18537100319600563,0.4725668051779885,0.28757728149105843,0.3011238
18,2023-12-04 14:21:00+00:00,0.7562116639596166,0.5839226799813662,0.5320488170483877,0.22708815275047156,0.2473861451581198,0.23999495227045192,0.46987698500533154,0.3797264173941863,0.31675252
18,2023-12-04 14:22:00+00:00,0.7602664386800428,0.4385634422107026,0.4335410125115288,0.7435312718975154,0.6064511483297452,0.28674690576008827,0.5046516743965299,0.4175296453163419,0.4687373
18,2023-12-04 14:23:00+00:00,0.76342312137882,0.21982063327602713,0.2608838109755939,0.7435312718975154,0.7020794721714678,0.33358076022824845,0.546313808225271,0.5908781765751524,0.69229335
18,2023-12-04 14:24:00+00:00,0.7675934923080379,0.14119240084445167,0.12812583335050087,0.7435312718975154,0.7033953622263166,0.3343625006564483,0.5909440000394734,0.6058271875905907,0.68005013
18,2023-12-04 14:25:00+00:00,0.7713957082321025,0.20669500646783107,0.17882425186002932,0.7435312718975154,0.702337364015726,0.341321572462556,0.5828528222429085,0.5761091635349006,0.7324965
18,2023-12-04 14:26:00+00:00,0.775197107140221,0.1819615544768341,0.17678308738460974,0.7435312718975154,0.6951561837281908,0.33465720684953226,0.5643844668060887,0.5773742653464078,0.6671547
18,2023-12-04 14:27:00+00:00,0.7790790348338108,0.2443915589780708,0.2548968853319743,0.7435312718975154,0.6969769872011069,0.32590458187465454,0.5936946234623879,0.5384783581079107,0.63018084
18,2023-12-04 14:28:00+00:00,0.7828142290128085,-0.07058342865302913,-0.019111702164421707,0.7435312718975154,0.7099689707268806,0.44011997184133084,0.6596174738602256,0.5861336050098204,0.7236797
18,2023-12-04 14:29:00+00:00,0.7862593376454962,0.05419493520778712,0.07193161085912675,0.7435312718975154,0.7178450372984675,0.5065490833614003,0.7017948615493039,0.6567889468951172,0.76838696
18,2023-12-04 14:30:00+00:00,0.7908076446454496,0.23717375462564189,0.24496354608868615,0.7435312718975154,0.72694124738092,0.5604792923338141,0.715782156640597,0.7405576672334596,0.8011503
18,2023-12-04 14:31:00+00:00,0.7939032946259706,0.2359318482630522,0.2610467491331746,0.7435312718975154,0.7232931636115532,0.50500032596999,0.6863961092423926,0.6932546998944645,0.72512
18,2023-12-04 14:32:00+00:00,0.7982520874968925,0.4182234106995098,0.41446395108947026,0.7435312718975154,0.7247142852113022,0.5721294096835705,0.6532181234263981,0.769235782435093,0.8324419
18,2023-12-04 14:33:00+00:00,0.8016324839639156,0.19449709465552006,0.16894240951885447,0.7435312718975154,0.7220552654084397,0.5271050472042159,0.7049359165468156,0.7142888411829782,0.7812691
18,2023-12-04 14:34:00+00:00,0.8055735886679775,0.08420921139953835,0.08729667769094546,0.7435312718975154,0.7152638765600791,0.47448642528992185,0.6520774483563836,0.6537452892431718,0.76492995
18,2023-12-04 14:35:00+00:00,0.8096152964725398,0.2851308235949267,0.2948568176455688,0.8175070508716641,0.7297651683258031,0.5967500039382075,0.690011445042282,0.9081702410760288,0.7894449
18,2023-12-04 14:36:00+00:00,0.8131668458901525,0.3748893601272292,0.3574575035047036,0.6947545768608958,0.6943024834777682,0.6287301444900969,0.6510672961951113,0.7678236209902671,0.68806356
18,2023-12-04 14:37:00+00:00,0.8168596894226701,0.3400796545828215,0.3447415915380181,0.6947545768608958,0.6859251796250014,0.6307087139114048,0.6839587797518002,0.7358156011747425,0.6998831
18,2023-12-04 14:38:00+00:00,0.8208074070006806,0.28942867608569567,0.2942382760801959,0.7518705075202629,0.7722257393294826,0.7401676908563566,0.654111533240203,0.8698955349344322,0.7797426
18,2023-12-04 14:39:00+00:00,0.824348977439843,0.4280347809291048,0.4212831073772977,0.6947545768608958,0.6415631053344575,0.6642808607853815,0.659133801267892,0.7068986951219476,0.67293924
18,2023-12-04 14:40:00+00:00,0.8284704861061749,0.3890004213294345,0.3857026525986785,0.8175070508716641,0.7665533712436989,0.7252911027268593,0.6552076410418742,0.8600913454551616,0.7955484
18,2023-12-04 14:41:00+00:00,0.8318354565028596,0.39698983176113695,0.40518615581242423,0.6947545768608958,0.679019282205102,0.6760992907400959,0.6793116109079377,0.7179115811681334,0.69210225
18,2023-12-04 14:42:00+00:00,0.8361775353065337,0.3603579331635698,0.36197965339409766,0.7518705075202629,0.7686127132102567,0.7461219870949412,0.6568011015970182,0.8557125674794208,0.78001463
18,2023-12-04 14:43:00+00:00,0.8394718618203781,0.43176313788544224,0.4340537635551833,0.6947545768608958,0.6817674013739772,0.691409323147451,0.6634799857272389,0.7502754798816952,0.6859696
18,2023-12-04 14:44:00+00:00,0.8436300652881568,0.41132004065721234,0.39875195220697207,0.6947545768608958,0.72153301096469,0.7236336310802081,0.6278376813419256,0.7200299960202995,0.6893699
18,2023-12-04 14:45:00+00:00,0.8472967398947484,0.4085657874443424,0.40914345057405704,0.6947545768608958,0.6773919582423918,0.691466997715511,0.5834809666938542,0.7160681372290679,0.69217855
18,2023-12-04 14:46:00+00:00,0.8513521046477805,0.5302950290884021,0.530374780132371,0.6947545768608958,0.6842260897716022,0.7117761613972489,0.6055900777604,0.7509406399973797,0.70584047
18,2023-12-04 14:47:00+00:00,0.8548439225759709,0.4831921731099505,0.49048635668229934,0.6947545768608958,0.6790053419851046,0.720154613406629,0.6008294660941806,0.703442555980413,0.71603674
18,2023-12-04 14:48:00+00:00,0.858980940434983,0.5064657533111414,0.5196220652595649,0.8175070508716641,0.7447376742037639,0.6910686203463515,0.6521980944840372,0.837464344110924,0.7933315
18,2023-12-04 14:49:00+00:00,0.8621939263220563,0.4160326730757503,0.42176432582152606,0.7518705075202629,0.7602227706429714,0.686063131088676,0.6188651507107518,0.8566423094908457,0.7545363
18,2023-12-04 14:50:00+00:00,0.8661697326421427,0.45103358923136533,0.462346022835601,0.6947545768608958,0.6489251544396182,0.6590072466334489,0.6148642937604484,0.7089690189464969,0.7068547
18,2023-12-04 14:51:00+00:00,0.8699655770083577,0.4853166959900434,0.46763840285677,0.7518705075202629,0.7888996574796243,0.7298474463750154,0.6117371676931594,0.8321429094033536,0.77863735
18,2023-12-04 14:52:00+00:00,0.8744163379681383,0.4937097328625303,0.4859477180090191,0.7518705075202629,0.7856890740689139,0.7337405821682063,0.6359778844765932,0.8393706137991955,0.8223379
18,2023-12-04 14:53:00+00:00,0.8776455054326355,0.5167619178110333,0.5198252691274133,0.7518705075202629,0.7559784795894822,0.7341256586750603,0.6608822814476918,0.8169078624100463,0.73545784
18,2023-12-04 14:54:00+00:00,0.8814677043158535,0.4982040448358336,0.5096832478065378,0.7518705075202629,0.7524173215807097,0.7070708782887853,0.680283214956922,0.7939165858192865,0.7486723
18,2023-12-04 14:55:00+00:00,0.8852563574574764,0.4994907071535515,0.5062130720198574,0.7518705075202629,0.765544165051638,0.7268380777376415,0.6699816070097132,0.7767210429181257,0.7307399
18,2023-12-04 14:56:00+00:00,0.88847303942812,0.6250149176121824,0.6445818759832979,0.6947545768608958,0.7339182098127396,0.6457271056255621,0.8074835360433431,0.7325930092459314,0.7311507
18,2023-12-04 14:57:00+00:00,0.8929096755931467,0.5863514712306928,0.6158017721780984,0.7756295109122026,0.7897039064014145,0.7786682835528802,0.8029019558904958,0.8643446960946151,0.81933486
18,2023-12-04 14:58:00+00:00,0.8967139961783559,0.6446968880954977,0.6625951133356902,0.7756295109122026,0.7908528995784739,0.7797948617928241,0.8345051129213307,0.8526911538881163,0.81193286
18,2023-12-04 14:59:00+00:00,0.9005215909092892,0.6561255804544044,0.6855367231014966,0.7756295109122026,0.7917759436005373,0.7751075273133545,0.8336787142101351,0.8743570676574399,0.8188734
18,2023-12-04 15:00:00+00:00,0.9043141052732386,0.7265819576342172,0.7418067950065391,0.7756295109122026,0.7887141016197645,0.7686117831141491,0.8336787142101351,0.8449576025380932,0.8155361
18,2023-12-04 15:01:00+00:00,0.9081127986336934,0.7433102510877352,0.732906613415966,0.7756295109122026,0.6090107562656826,0.756080625464317,0.8336787142101351,0.8352308642411156,0.7885675
18,2023-12-04 15:02:00+00:00,0.9119031816181591,0.7268749854160785,0.7297082293366882,0.9184825748728367,0.5983525399064488,0.7378534920510155,0.8336787142101351,0.846605879581033,0.7727119
18,2023-12-04 15:03:00+00:00,0.9156960386812778,0.694556404824564,0.7061897981305182,0.7809063648096399,0.5867460787347885,0.724349409792315,0.8336787142101351,0.8409152393002328,0.78324807
18,2023-12-04 15:04:00+00:00,0.9194925259809211,0.6800133526422099,0.6904694778493814,0.7809063648096399,0.5515074964962652,0.715085688876063,0.7450733857801628,0.8147837733099584,0.7277515
18,2023-12-04 15:05:00+00:00,0.9232920195302208,0.6597226674718581,0.6706519717873147,0.9184825748728367,0.5114908229944037,0.6721041815084482,0.7483185503686797,0.8134749543624434,0.69051856
18,2023-12-04 15:06:00+00:00,0.9270954848176862,0.6810845270661621,0.6749219567217642,0.9184825748728367,0.28826549725040224,0.6544653823547826,0.7069235267037712,0.5644331994894457,0.59175277
18,2023-12-04 15:07:00+00:00,0.93089940283349,0.6530896940162951,0.6562763434769038,0.015390160813376578,0.17311624481386853,0.648054798676554,0.6691050376901978,0.5618293511289514,0.50940245
18,2023-12-04 15:08:00+00:00,0.9346923046697497,0.6716397306771218,0.6514514654834398,0.9184825748728367,0.23824694786428935,0.6750420489740878,0.6705242561587959,0.5608743881996346,0.52924937
18,2023-12-04 15:09:00+00:00,0.9384859853088714,0.7695983587361046,0.767963287325431,0.9184825748728367,0.3489613787273919,0.6938774467548493,0.6705242561587959,0.5595293087329136,0.5861143
18,2023-12-04 15:10:00+00:00,0.9422717115962393,0.8734995142287691,0.8180705873242882,0.9184825748728367,0.3893710218733267,0.721968653891764,0.7274601824478103,0.7602879968775149,0.6266959
18,2023-12-04 15:11:00+00:00,0.9460680869729433,0.8196671222942347,0.8013937544040943,0.9184825748728367,0.39490310773935683,0.7476672009043057,0.6040539244295842,0.7800523735694622,0.69546294
18,2023-12-04 15:12:00+00:00,0.9498769672220424,0.7597242880864319,0.761140859007885,0.9184825748728367,0.3575331395425648,0.7450266677466961,0.6040539244295842,0.7849516412192705,0.69730115
18,2023-12-04 15:13:00+00:00,0.9536839162760279,0.8262558362271055,0.8016029407195073,0.0018819165558397288,0.037484969927586605,0.6958714600133559,0.430526039485219,0.1735081854184097,0.19984461
18,2023-12-04 15:14:00+00:00,0.9574772628189049,0.8679439726374416,0.8140025047778832,0.0018819165558397288,0.028376066731377433,0.622561281438297,0.430526039485219,0.20124888098603955,0.12792958
18,2023-12-04 15:15:00+00:00,0.9612675258952826,0.9271909454466187,0.8424127274828312,0.007699291567741488,0.025659729048262074,0.6215676079097684,0.4662968210574353,0.21586536588556696,0.1404014
18,2023-12-04 15:16:00+00:00,0.9650531771619292,0.8378384055271657,0.7903533648239525,0.0018819165558397288,0.023991989331241956,0.5745538387573411,0.473628442066766,0.2263364817399726,0.1715326
18,2023-12-04 15:17:00+00:00,0.9688642694991243,0.8336141868877793,0.786736773245563,0.0018819165558397288,0.023023839700939658,0.5965378169094433,0.473628442066766,0.2294879795281556,0.19942793
18,2023-12-04 15:18:00+00:00,0.9726708383693582,0.8207792820329165,0.7621707761673491,0.007699291567741488,0.028438808540011025,0.5585243511228642,0.473628442066766,0.22475446778843083,0.17537698
18,2023-12-04 15:19:00+00:00,0.9764638118983056,0.7830632342387891,0.7578734662147351,0.007699291567741488,0.025346563248501677,0.5465012586918001,0.4662968210574353,0.23903046016361376,0.1823591
18,2023-12-04 15:20:00+00:00,0.9802541909002294,0.7624507424176348,0.7277124614598307,0.007699291567741488,0.0336327258784218,0.5717661586624871,0.473628442066766,0.22486352857592845,0.19794929
18,2023-12-04 15:21:00+00:00,0.9840578995818857,0.7746294594903209,0.7473192146082337,0.007699291567741488,0.028743157056108578,0.5297853643220036,0.473628442066766,0.22486352857592845,0.18368374
18,2023-12-04 15:22:00+00:00,0.9878615444354587,0.7550579484034405,0.7427563390998182,0.007699291567741488,0.036636134338375675,0.5316493843785055,0.6174234493510055,0.2270925321089782,0.19780704
18,2023-12-04 15:23:00+00:00,0.99165676747266,0.7041348173684274,0.7071151666475816,0.007699291567741488,0.028743157056108578,0.5121653623889086,0.473628442066766,0.22486352857592845,0.18109663
18,2023-12-04 15:24:00+00:00,0.9954439636098307,0.6809092596071626,0.6877129925228427,0.007699291567741488,0.03641812589035753,0.49187445438488975,0.4637286775957761,0.2227106669528826,0.17012915
18,2023-12-04 15:25:00+00:00,0.9985863697682561,0.8031558640005021,0.7517980891205227,0.007699291567741488,0.04221504781840185,0.42950794067543474,0.6011471244932302,0.22339360756717738,0.1788904
19,2023-12-07 09:02:00+00:00,0.0,0.6129552946191574,0.668046551254956,0.007699291567741488,0.052847168135552576,0.46284342197156236,0.3191783364920083,0.11837300733707437,-0.010609163
19,2023-12-07 09:03:00+00:00,0.003111340277617331,0.09961742635238974,0.053825293253125406,0.007699291567741488,0.006272864479295041,0.07260676150252268,0.1423132907692097,0.07582132017632465,0.10305573
19,2023-12-07 09:04:00+00:00,0.008007755309602215,-0.01918592153873533,-0.09089473006021409,0.009407116061472952,0.007139580517234383,0.055040180049952196,0.13900869892298764,0.09184809877078393,0.0814056
19,2023-12-07 09:05:00+00:00,0.013172169440439582,0.004410140297270326,0.04938317347336035,0.009407116061472952,0.010584901342905384,0.057736337862144126,0.13452127330640642,0.08543719391513062,0.088781476
19,2023-12-07 09:06:00+00:00,0.01822207452768756,0.11442278282217672,0.09059085308000964,0.009407116061472952,0.013776425384730315,0.0838055605160889,0.26103198646237835,0.04438640611342172,0.07782346
19,2023-12-07 09:07:00+00:00,0.02338828577078938,0.179274372645097,0.1440764335422418,0.009407116061472952,0.03376638275352359,0.11760292430490378,0.3117790621007089,0.05022244390865324,0.07895251
19,2023-12-07 09:08:00+00:00,0.029409719733660147,0.14653694396160383,0.12997375988044685,0.7435312718975154,0.6775701450358103,0.2504799639893232,0.5133983024381145,0.4413835467125772,0.6270693
19,2023-12-07 09:09:00+00:00,0.03347800020739489,0.25897952673334546,0.24117029108735344,0.7435312718975154,0.7063565179580164,0.3021776844406004,0.5228904475945839,0.4943540492899751,0.6361063
19,2023-12-07 09:10:00+00:00,0.03853286520444848,0.29944670363099624,0.29967447358239613,0.7435312718975154,0.7015378480411693,0.2891945474546719,0.5368322853303945,0.5859823732304152,0.63197726
19,2023-12-07 09:11:00+00:00,0.04386713671745103,0.15986093444390065,0.18405046514258572,0.7435312718975154,0.7026996585954339,0.30323956954034303,0.5315417041693419,0.5934916348795275,0.6167467
19,2023-12-07 09:12:00+00:00,0.04860540690096457,0.0585133877137643,0.06978508343872886,0.7435312718975154,0.7062095204254781,0.2924758311666069,0.5205211744032653,0.5579654978283297,0.59799874
19,2023-12-07 09:13:00+00:00,0.054409194598275146,0.12238567085064883,0.1369476606641961,0.7435312718975154,0.6995576718982406,0.28919825464281973,0.5483745461215039,0.5346512925168104,0.61110175
19,2023-12-07 09:14:00+00:00,0.05898816468202572,0.13339971238396103,0.13072564389515878,0.7435312718975154,0.7017619215384083,0.317282776053657,0.5464409172763242,0.5143184792475021,0.6026772
19,2023-12-07 09:15:00+00:00,0.06487088439903299,-0.1410305829161147,-0.12674116271263458,0.7435312718975154,0.7051091716682303,0.3737286118553348,0.5117812050516558,0.5223302273309277,0.6651395
19,2023-12-07 09:16:00+00:00,0.06912578043052751,-0.018468933734157478,-0.002364731340567805,0.7435312718975154,0.7011033198135114,0.37169110659762034,0.5434755004929885,0.5591993141858346,0.6374234
19,2023-12-07 09:17:00+00:00,0.07430721412263963,0.17451838100663647,0.19262306006690372,0.7435312718975154,0.7130265188119538,0.45818863475280874,0.6448580492241716,0.609900847676061,0.69135654
19,2023-12-07 09:18:00+00:00,0.07957775296366888,0.15327615664859234,0.16952563216298538,0.7435312718975154,0.7093321491257536,0.40341858399594405,0.658318243534705,0.5464696923796939,0.7166521
19,2023-12-07 09:19:00+00:00,0.08476665540219958,0.0393560035073644,0.03888390315884627,0.7435312718975154,0.6983048055934277,0.39486560118154124,0.5573745611075619,0.5167414374261025,0.6381452
19,2023-12-07 09:20:00+00:00,0.08980238506762293,0.09420487464613952,0.12041618234669688,0.7435312718975154,0.710544409103363,0.40953297185292326,0.6223244721914708,0.5898981947745403,0.64588
19,2023-12-07 09:21:00+00:00,0.0949651976313867,0.12292306680226123,0.14589349220194003,0.7435312718975154,0.7175185446366252,0.4310672566212066,0.610825494999541,0.5572343397586533,0.67410135
19,2023-12-07 09:22:00+00:00,0.10003004502707102,0.18822208991983264,0.19855347945456925,0.7435312718975154,0.7177864508169298,0.4156498661427086,0.6524826750346127,0.5691162837025315,0.6619811
19,2023-12-07 09:23:00+00:00,0.10524681492504466,0.22156441680325184,0.2330420515543507,0.7435312718975154,0.7068989456217405,0.3949424273977084,0.5739447539045313,0.5310278570924613,0.6747571
19,2023-12-07 09:24:00+00:00,0.11026747799910823,0.2033602414398526,0.19203136327461473,0.7435312718975154,0.7142988028053128,0.49460231189196513,0.5934113219338955,0.6118763493069271,0.69263875
19,2023-12-07 09:25:00+00:00,0.11532298418557149,0.1772449730037438,0.16700817082405456,0.7435312718975154,0.7132649630328387,0.44936842442052033,0.6096109844395639,0.5693544182430283,0.7108637
19,2023-12-07 09:26:00+00:00,0.12047850916052907,0.11462839128204078,0.12365575468454454,0.7435312718975154,0.716025970822061,0.41896090120190266,0.6544100160382736,0.5814788144726818,0.7154892
19,2023-12-07 09:27:00+00:00,0.1257564448651412,0.28513200632891555,0.3114230122722691,0.6947545768608958,0.66694574248179,0.49876877878263354,0.55374756602149,0.6063244226378899,0.5553576
19,2023-12-07 09:28:00+00:00,0.13069481260935498,0.344144973203403,0.3367868033727359,0.14421932047408076,0.5320053800623145,0.5035195913791143,0.5051028133180661,0.5917355491120802,0.58712137
19,2023-12-07 09:29:00+00:00,0.13591894937578852,0.40564889432738443,0.42006882735945705,0.6947545768608958,0.6623151812413698,0.5526478858557433,0.5521721984284877,0.6253402592819581,0.58653873
19,2023-12-07 09:30:00+00:00,0.14092449713114089,0.2493990997348164,0.26547594405027586,0.6947545768608958,0.6491306014872069,0.5463673224856223,0.6031742266455737,0.6358427587389756,0.5724115
19,2023-12-07 09:31:00+00:00,0.14600292313441884,0.326351137817928,0.34883386573135666,0.14421932047408076,0.5405521559590134,0.5297466609572248,0.5387757988655182,0.5417976719498464,0.5377325
19,2023-12-07 09:32:00+00:00,0.15107438010486163,0.36132084698065947,0.37506607914930923,0.6947545768608958,0.6336244311852479,0.5116060368999432,0.5247235828532077,0.5993892993776437,0.5749376
19,2023-12-07 09:33:00+00:00,0.1562911692016137,0.3697723325305513,0.39202687905048955,0.14421932047408076,0.54684112709936,0.5449053103702585,0.5406802380603016,0.5659749140888848,0.55357695
19,2023-12-07 09:34:00+00:00,0.1614011274727217,0.29572349931986364,0.3100011418286076,0.6947545768608958,0.64810016637878,0.5571695036424646,0.6031742266455737,0.6512011419375051,0.57476646
19,2023-12-07 09:35:00+00:00,0.16643334143715524,0.48709615992421523,0.49301894813668834,0.6947545768608958,0.6504005216223758,0.5798841345773893,0.5454312344899999,0.6161556066767429,0.57606554
19,2023-12-07 09:36:00+00:00,0.1716386737362233,0.3359882875273916,0.34099572383714716,0.14421932047408076,0.5272825044680043,0.5260858901647523,0.5191839213828441,0.6033142811776016,0.57681924
19,2023-12-07 09:37:00+00:00,0.17680654805374205,0.4478972011972729,0.4516943292054516,0.8175070508716641,0.7294782232676623,0.6097405809190268,0.5361824401538816,0.7694374730758677,0.67227614
19,2023-12-07 09:38:00+00:00,0.18191635678608659,0.4665591433532647,0.4791896251594007,0.6947545768608958,0.6650866932950291,0.5994451196292035,0.6688093636034771,0.6570498622004266,0.63845754
19,2023-12-07 09:39:00+00:00,0.18701842011463224,0.4136620345654211,0.44479805464899713,0.6947545768608958,0.6899852269166712,0.6430211641059235,0.6463779471896889,0.6575802737115827,0.60351676
19,2023-12-07 09:40:00+00:00,0.19226185355023173,0.44160312022354603,0.4642846262092719,0.6947545768608958,0.6505506086874991,0.559810771893851,0.5374157848684205,0.5892091799387861,0.5638213
19,2023-12-07 09:41:00+00:00,0.19708315873627708,0.45881447233166966,0.46528475366346606,0.6947545768608958,0.6178212425622774,0.5660393465671187,0.5560750399560763,0.618845260796389,0.5848331
19,2023-12-07 09:42:00+00:00,0.20225502054903943,0.48688756594997634,0.47138828617378675,0.8175070508716641,0.728570734571888,0.5999533647404823,0.5755395211030263,0.7748792348290807,0.67287564
19,2023-12-07 09:43:00+00:00,0.20741224351139217,0.4306278226757275,0.4345550533483826,0.6947545768608958,0.662228420450091,0.5975746859337525,0.6587590621052969,0.6604516375020612,0.61173147
19,2023-12-07 09:44:00+00:00,0.21251476124647622,0.4732125967689605,0.46921249642603896,0.6947545768608958,0.6292090948418155,0.5697520001621106,0.5973681738112284,0.5987146066685225,0.58207077
19,2023-12-07 09:45:00+00:00,0.2176892563712417,0.3899080375521739,0.3900678672664359,0.6947545768608958,0.636962651842874,0.5440649969688516,0.5295880066498078,0.6403672934440136,0.6012293
19,2023-12-07 09:46:00+00:00,0.2228060286465949,0.40359897232027425,0.41231796666063014,0.7518705075202629,0.7384836288870952,0.6240470555185934,0.5363164781247153,0.7990220459156914,0.69968885
19,2023-12-07 09:47:00+00:00,0.22779578961131217,0.48273261197953243,0.48484309239716433,0.6947545768608958,0.6256842556102374,0.5782421615954365,0.6645913973428933,0.6801703837538364,0.666181
19,2023-12-07 09:48:00+00:00,0.23303656687188334,0.3915457319785008,0.4005031994378826,0.6947545768608958,0.6712303352061743,0.6211723808766891,0.6213019179559894,0.6516529830366027,0.5889636
19,2023-12-07 09:49:00+00:00,0.23833786295290074,0.5810508476245417,0.5727550069262408,0.6947545768608958,0.6813270247913571,0.6347613944378945,0.6615106149939627,0.6358349056087477,0.62698483
19,2023-12-07 09:50:00+00:00,0.24321375753385632,0.42586001498440834,0.43522329021033423,0.6947545768608958,0.6644962202223198,0.6472837566571908,0.6333687277037895,0.6907122432675971,0.64578027
19,2023-12-07 09:51:00+00:00,0.24832719173273257,0.45066529144295137,0.45596241053021774,0.6947545768608958,0.6766677749089447,0.6683307422294232,0.5575708327804817,0.5941777847440403,0.65040505
19,2023-12-07 09:52:00+00:00,0.2534279335215537,0.37225893865486315,0.38011746490908066,0.6947545768608958,0.6343975760001952,0.6144381348231972,0.5540227988222852,0.6138774295409819,0.62318546
19,2023-12-07 09:53:00+00:00,0.2585414901452035,0.5366956318738049,0.5281331041278038,0.6947545768608958,0.6256309451117119,0.5985769393890332,0.5687312273169526,0.6529479578300761,0.6055612
19,2023-12-07 09:54:00+00:00,0.2636698338907132,0.44055887438550934,0.4439092032774901,0.6947545768608958,0.6770850806841513,0.6388831664121244,0.6321413159953885,0.6648519260352306,0.63942754
19,2023-12-07 09:55:00+00:00,0.26877935556726673,0.42363260846857237,0.4380712624389807,0.6947545768608958,0.6119743842212246,0.6474519797571572,0.6383851384871516,0.5689114300297814,0.6495797
19,2023-12-07 09:56:00+00:00,0.27402768073823935,0.48815189337238263,0.4963765744308202,0.6947545768608958,0.6181305626063315,0.6138349776576971,0.6129538697308134,0.6379018133224676,0.62403315
19,2023-12-07 09:57:00+00:00,0.2789234326653842,0.5040874997208719,0.48808504616545806,0.6947545768608958,0.6310365240391546,0.5699673898887498,0.5607084006743359,0.5303875734921284,0.6028396
19,2023-12-07 09:58:00+00:00,0.2841646925592358,0.5774102696323602,0.588119169816987,0.6947545768608958,0.644296943559155,0.6143441222933336,0.652006273541751,0.6791488184904707,0.63119227
19,2023-12-07 09:59:00+00:00,0.2894431033500833,0.426300272834907,0.42979518396273786,0.6947545768608958,0.6352427666638909,0.6495305933900153,0.6740882021781669,0.6275813727924392,0.68894774
19,2023-12-07 10:00:00+00:00,0.29454226619873614,0.5580892383892159,0.5443032232846482,0.8175070508716641,0.7421187720287572,0.6151012408569471,0.5503727949500286,0.8005419517002592,0.7064249
19,2023-12-07 10:01:00+00:00,0.29948101990025866,0.35746324610599867,0.36436509878282464,0.6947545768608958,0.6474553142314178,0.6163355009328693,0.5759781894645243,0.6253884583587012,0.62417215
19,2023-12-07 10:02:00+00:00,0.30461760526892984,0.4713155059873661,0.48107635299847296,0.6947545768608958,0.635559044197856,0.579781889389721,0.5853876624679535,0.6068441071262061,0.5878126
19,2023-12-07 10:03:00+00:00,0.309598553724718,0.3970765355200591,0.4040808204506222,0.6947545768608958,0.6673046695778282,0.5945655825713793,0.5662577539393892,0.6408216300168383,0.60515225
19,2023-12-07 10:04:00+00:00,0.3147782844160205,0.5622780552217543,0.5638894850750301,0.6947545768608958,0.6614159904582465,0.6397283351000221,0.6589299179307834,0.6310181291944169,0.6630105
19,2023-12-07 10:05:00+00:00,0.319825348872529,0.4947751226663937,0.4917436806318998,0.6947545768608958,0.6472798276297661,0.6474219854295428,0.5766039873525235,0.6095288835631136,0.6299753
19,2023-12-07 10:06:00+00:00,0.325017060137848,0.5239784782099595,0.5157089592893453,0.6947545768608958,0.6412437213395614,0.5519444113202687,0.556296034442918,0.6025608491561666,0.58629125
19,2023-12-07 10:07:00+00:00,0.3301931371626796,0.4541500826423481,0.45997427754475123,0.6947545768608958,0.6461356144618684,0.6227485578200929,0.6155520980586193,0.6273807601863682,0.6337507
19,2023-12-07 10:08:00+00:00,0.33522728230158017,0.43084326645067567,0.440227325194963,0.8175070508716641,0.7525645819482593,0.6859247677722891,0.5678521032236911,0.7775414022332682,0.749963
19,2023-12-07 10:09:00+00:00,0.3403727345582371,0.5316183800627028,0.5091159068168074,0.6947545768608958,0.6160212510284424,0.6246489807500463,0.5818692705493511,0.510310081315447,0.60023826
19,2023-12-07 10:10:00+00:00,0.34562147841531055,0.5392565844814429,0.5286973889967717,0.8175070508716641,0.7479744103884036,0.6739234222756352,0.5766039873525235,0.79178982656818,0.7110694
19,2023-12-07 10:11:00+00:00,0.3505668954106223,0.4184964036163236,0.4383786177997857,0.6947545768608958,0.6428900621592376,0.5946726723548441,0.5789420567116256,0.6914312074976405,0.65176314
19,2023-12-07 10:12:00+00:00,0.3555129947074728,0.4839984383796421,0.5044480179892903,0.6947545768608958,0.6446600239429033,0.6193032762517997,0.528269137381057,0.5196469612323362,0.57290983
19,2023-12-07 10:13:00+00:00,0.3607767197299118,0.510644508231835,0.5179117410008814,0.6947545768608958,0.637043610293451,0.6558386358428495,0.6806933599019183,0.668936051861996,0.6681468
19,2023-12-07 10:14:00+00:00,0.36592169498418914,0.51692619820178,0.516229788031828,0.6947545768608958,0.6683738630513881,0.6445620529155118,0.662664144997906,0.6455042250092735,0.63361657
19,2023-12-07 10:15:00+00:00,0.3710414033272103,0.550248195808693,0.5618678967369912,0.7518705075202629,0.7348158835002203,0.685307809124359,0.6765234975353768,0.6867467470726615,0.72470206
19,2023-12-07 10:16:00+00:00,0.3761422790447857,0.5148894374003843,0.5190601938835049,0.6947545768608958,0.6762947985154752,0.6611221411063155,0.5699874446501275,0.5471400090609093,0.6275962
19,2023-12-07 10:17:00+00:00,0.38116397190560103,0.4749740295747588,0.4794124645061606,0.6947545768608958,0.6720911075488817,0.6929713802580411,0.6761003093702831,0.659181286760435,0.67063034
19,2023-12-07 10:18:00+00:00,0.3862217778452763,0.5491616220189284,0.5286308625640389,0.6947545768608958,0.6476006992176178,0.650990819374671,0.5523197240820984,0.49161276911054297,0.58950055
19,2023-12-07 10:19:00+00:00,0.39142436360813476,0.5454293944434065,0.5427408389382196,0.6947545768608958,0.6416387810000965,0.6261115630270473,0.6072892550406425,0.5950972198503263,0.6308691
19,2023-12-07 10:20:00+00:00,0.3966276169235508,0.6143176685232871,0.5851556122596913,0.6947545768608958,0.6656309050023632,0.6801239008285943,0.686563888007743,0.6150950899906455,0.6601289
19,2023-12-07 10:21:00+00:00,0.40167718617520376,0.46461072081257876,0.4515151461322281,0.8175070508716641,0.7528424043412577,0.6998718700179648,0.5846731056566958,0.7072668459716552,0.72111285
19,2023-12-07 10:22:00+00:00,0.40688891598463983,0.5381508303288973,0.5217462905987647,0.6947545768608958,0.6175480281496907,0.67023946785846,0.619119998260474,0.5183658222356725,0.62612534
19,2023-12-07 10:23:00+00:00,0.41213664709624587,0.4772111680452704,0.4775504601448703,0.8175070508716641,0.6925362389412723,0.6962153355100046,0.6105429447010413,0.7017515195290202,0.68147635
19,2023-12-07 10:24:00+00:00,0.41709848662342947,0.3845670469040628,0.38806226349407985,0.6947545768608958,0.6335861511622832,0.6476854345099322,0.6687164626844307,0.5756786391179186,0.58469045
19,2023-12-07 10:25:00+00:00,0.42211307300274675,0.4065293605257971,0.42270248550814343,0.7518705075202629,0.741106343936977,0.7135766767291996,0.5759483027758776,0.7391876636235346,0.6993135
19,2023-12-07 10:26:00+00:00,0.42614145026426065,0.605345980760021,0.5986375133765369,0.7518705075202629,0.7521451165452812,0.7294771913169962,0.6863372853944336,0.7975801496909577,0.70943195
19,2023-12-07 10:27:00+00:00,0.43239432474930395,0.56666153841751,0.5854637034560708,0.7435312718975154,0.7138578093069312,0.5405408004636637,0.7437970119354651,0.6576279446328661,0.7959649
19,2023-12-07 10:28:00+00:00,0.43750545023868304,0.5211655701748055,0.534165115162102,0.7435312718975154,0.7160506220956225,0.5416200193739097,0.7437970119354651,0.6195606875248942,0.79384583
19,2023-12-07 10:29:00+00:00,0.44261491157731453,0.5033583401616419,0.5284078602443382,0.7435312718975154,0.7124745586689915,0.5441489585502911,0.7437926658477674,0.6338188301657348,0.74577594
19,2023-12-07 10:30:00+00:00,0.447727564954533,0.5488900908272929,0.5537555940386384,0.7435312718975154,0.7088415136471947,0.5199113501285482,0.7429662671365718,0.6611455322981673,0.7492183
19,2023-12-07 10:31:00+00:00,0.4528334574691099,0.5305046502782784,0.5560785867978565,0.7435312718975154,0.7125609918267698,0.528612946018599,0.7422473354247439,0.6503124548252613,0.74382913
19,2023-12-07 10:32:00+00:00,0.4579564926146294,0.5836578404219961,0.5781264705904688,0.7435312718975154,0.7008612230201074,0.46403218311246147,0.7216534884440706,0.5795820505483288,0.6960972
19,2023-12-07 10:33:00+00:00,0.4630828542347855,0.5254476588098638,0.5428608083032352,0.7435312718975154,0.7033555259315383,0.4325381121458572,0.7216534884440706,0.5738764568222708,0.6836331
19,2023-12-07 10:34:00+00:00,0.46818792703556983,0.5002694995153019,0.5113243824536275,0.7435312718975154,0.7035418752208384,0.42990844685503676,0.7216534884440706,0.5686466153329957,0.6867531
19,2023-12-07 10:35:00+00:00,0.4732931860465724,0.4635716055067474,0.4845860498798829,0.7435312718975154,0.7035991156742267,0.426984428602828,0.7216534884440706,0.5658056813182074,0.6949021
19,2023-12-07 10:36:00+00:00,0.4784060399692063,0.45695213022342124,0.47088642102143874,0.7435312718975154,0.7035801059705886,0.4316533638437048,0.7216534884440706,0.5749841585036168,0.69904417
19,2023-12-07 10:37:00+00:00,0.48351900933481473,0.5118431193409667,0.5012387013031602,0.7435312718975154,0.7038945180966175,0.43127309986870366,0.6919847718825562,0.592776790134269,0.69004834
19,2023-12-07 10:38:00+00:00,0.4886236861458609,0.6009182187280122,0.5340874468410427,0.7435312718975154,0.7038310802267891,0.44683603121369164,0.6902659085094093,0.5970743406103771,0.70788586
19,2023-12-07 10:39:00+00:00,0.4937330391854477,0.6325324170176647,0.6048280263942816,0.7435312718975154,0.7036125123217226,0.4387891351504956,0.6902659085094093,0.603148836981391,0.70142496
19,2023-12-07 10:40:00+00:00,0.49885629994472064,0.5840355091204974,0.5731609350025498,0.7435312718975154,0.7033818681319801,0.4387074778416933,0.7333698461827475,0.5833998918053148,0.7010543
19,2023-12-07 10:41:00+00:00,0.5039816744008548,0.653488668666292,0.6155728134976457,0.7435312718975154,0.7034160882675763,0.44129178504221245,0.7206906029674086,0.5806001191815053,0.6962916
19,2023-12-07 10:42:00+00:00,0.509088242567193,0.633828552599383,0.6053784894168402,0.7435312718975154,0.7049338358044334,0.4410444178617308,0.7206906029674086,0.5822064154964905,0.6962916
19,2023-12-07 10:43:00+00:00,0.5141980504627677,0.4954491119419591,0.5248842888228678,0.7435312718975154,0.7034572237352166,0.4379385000143845,0.7206906029674086,0.5827156903232782,0.70591766
19,2023-12-07 10:44:00+00:00,0.5192997027932208,0.6115084859941082,0.5993239512082157,0.7435312718975154,0.7051417826012735,0.4430013624251159,0.7101227749986126,0.5727735299464553,0.696844
19,2023-12-07 10:45:00+00:00,0.5244152474959116,0.5837246357642845,0.57055887697062,0.7435312718975154,0.7051417826012735,0.45030008462318033,0.7302846115710422,0.568489664744307,0.6989146
19,2023-12-07 10:46:00+00:00,0.529524422972669,0.6301532801686638,0.5986340604717972,0.7435312718975154,0.7051417826012735,0.4468690083693379,0.7229529905617116,0.5705893995638806,0.6989146
19,2023-12-07 10:47:00+00:00,0.5346270738565175,0.6228707840693777,0.5903912979680067,0.7435312718975154,0.7066054480474139,0.4510829958094967,0.7302846115710422,0.5698053156270375,0.6989146
19,2023-12-07 10:48:00+00:00,0.5397569764282003,0.6125467780929843,0.5777994032645031,0.7435312718975154,0.7083311001912111,0.4540789906701779,0.7302846115710422,0.5695447340054802,0.70344603
19,2023-12-07 10:49:00+00:00,0.5448801047743701,0.6033936574649634,0.5711155854251787,0.7435312718975154,0.7083311001912111,0.45622786789370223,0.7302846115710422,0.5656802231725423,0.70480335
19,2023-12-07 10:50:00+00:00,0.5499893619052804,0.6821348843530477,0.622034107310103,0.7435312718975154,0.7067372702924745,0.44734668209237405,0.7302846115710422,0.5681441219953319,0.7076131
19,2023-12-07 10:51:00+00:00,0.5550972520600223,0.667084341088604,0.610866776125428,0.7435312718975154,0.7083311001912111,0.446566735006074,0.7302846115710422,0.5677513233442242,0.7007542
19,2023-12-07 10:52:00+00:00,0.5602092225635467,0.608350110412204,0.5779173219345797,0.7435312718975154,0.7066054480474139,0.4377236011270777,0.7197167836022462,0.5625466581600287,0.69594437
19,2023-12-07 10:53:00+00:00,0.5653226027494654,0.5294241068478702,0.5316138281532801,0.7435312718975154,0.7067299469897544,0.44163741742032214,0.7206802567255223,0.5610442207708062,0.6837311
19,2023-12-07 10:54:00+00:00,0.5704245561810654,0.5203151867825899,0.5274575854410587,0.7435312718975154,0.7067299469897544,0.4347295684603615,0.7206802567255223,0.5623854066351154,0.66394097
19,2023-12-07 10:55:00+00:00,0.5755474766895996,0.5060377829060632,0.5182819072294151,0.7435312718975154,0.7083311001912111,0.43670529275777026,0.7206802567255223,0.5629784936935407,0.6718892
19,2023-12-07 10:56:00+00:00,0.5806704089034226,0.5394365727614461,0.5294647333731493,0.7435312718975154,0.7067299469897544,0.4368135042549328,0.7206802567255223,0.5623854066351154,0.6823818
19,2023-12-07 10:57:00+00:00,0.5857794556114257,0.538091074628618,0.5356532998475972,0.7435312718975154,0.7067299469897544,0.4368079259911043,0.7206802567255223,0.5618214122338394,0.6792057
19,2023-12-07 10:58:00+00:00,0.5908941568743424,0.5620255177660174,0.5403967014534011,0.7435312718975154,0.705004294845957,0.42185681773416017,0.7206802567255223,0.5616601607089261,0.6702336
19,2023-12-07 10:59:00+00:00,0.5959968749551362,0.5687189830249584,0.5468650393852829,0.7435312718975154,0.7083311001912111,0.4284294324546455,0.7107804922545323,0.5604802263695302,0.6716947
19,2023-12-07 11:00:00+00:00,0.6011031541893439,0.5027135322365557,0.50858925757397,0.7435312718975154,0.7067299469897544,0.422534677687513,0.7002126642857364,0.5750252767218278,0.68738145
19,2023-12-07 11:01:00+00:00,0.6062146344292529,0.5143379117959559,0.5115899562001892,0.7435312718975154,0.7051361170910178,0.42219915730980395,0.704403931867747,0.575367194580026,0.670996
19,2023-12-07 11:02:00+00:00,0.6113231965287835,0.5231977141202084,0.5174272376132538,0.7435312718975154,0.7067299469897544,0.40899866957559117,0.704403931867747,0.5604802263695302,0.6691129
19,2023-12-07 11:03:00+00:00,0.6164400970567243,0.5179355815582558,0.511658028911556,0.7435312718975154,0.7051361170910178,0.4077267516127497,0.704403931867747,0.5752059430551127,0.6761976
19,2023-12-07 11:04:00+00:00,0.6215678497622974,0.47924692192072676,0.48274753193809106,0.7435312718975154,0.7051361170910178,0.40112689523408196,0.704403931867747,0.5752059430551127,0.6761976
19,2023-12-07 11:05:00+00:00,0.6266783239821876,0.47136805648020946,0.4849393659647964,0.7435312718975154,0.7051361170910178,0.40114979615471413,0.704403931867747,0.5752059430551127,0.67219335
19,2023-12-07 11:06:00+00:00,0.631787818545594,0.49516814609305776,0.49300009405032713,0.7435312718975154,0.7067299469897544,0.3972050029658962,0.704403931867747,0.5616601607089261,0.6696662
19,2023-12-07 11:07:00+00:00,0.6368957076229163,0.4792426964684329,0.49096487896604196,0.7435312718975154,0.7067299469897544,0.4004663579375327,0.704403931867747,0.5604802263695302,0.65578586
19,2023-12-07 11:08:00+00:00,0.6419975013685132,0.4903487142317507,0.4911132593339886,0.7435312718975154,0.7067299469897544,0.4022110458566661,0.704403931867747,0.5604802263695302,0.66957355
19,2023-12-07 11:09:00+00:00,0.6471109238019601,0.49098062955152294,0.49602957026544237,0.7435312718975154,0.7067299469897544,0.40112689523408196,0.704403931867747,0.5603189748446169,0.67190313
19,2023-12-07 11:10:00+00:00,0.6522417515462391,0.4988142021111562,0.49533815034713347,0.7435312718975154,0.7067372702924745,0.4030768568123966,0.704403931867747,0.5765242760397273,0.6729337
19,2023-12-07 11:11:00+00:00,0.6573653329135809,0.4980167794182156,0.4984275601460409,0.7435312718975154,0.7083311001912111,0.39647700043372885,0.704403931867747,0.5750024238421332,0.667507
19,2023-12-07 11:12:00+00:00,0.66246804044016,0.5059262090407306,0.49818320306720854,0.7435312718975154,0.7051361170910178,0.3911533629676812,0.693836103898951,0.5837397267933025,0.67907006
19,2023-12-07 11:13:00+00:00,0.6675753260290813,0.5113381554639891,0.4999302697629568,0.7435312718975154,0.7051361170910178,0.39452703885541424,0.693836103898951,0.5823985409289933,0.67907006
19,2023-12-07 11:14:00+00:00,0.6726821731240479,0.49439061054767613,0.4983524217859223,0.7435312718975154,0.7051361170910178,0.39647700043372885,0.704403931867747,0.575367194580026,0.67023325
19,2023-12-07 11:15:00+00:00,0.6777893598700474,0.48723318504220053,0.4913552304744902,0.7435312718975154,0.7067372702924745,0.39647700043372885,0.693836103898951,0.5765242760397273,0.66269124
19,2023-12-07 11:16:00+00:00,0.682904496948695,0.48726065746691966,0.4871613419212584,0.7435312718975154,0.7051361170910178,0.3911533629676812,0.693836103898951,0.576547128919422,0.66944164
19,2023-12-07 11:17:00+00:00,0.68800982679228,0.4795115261914807,0.4853492581312201,0.7435312718975154,0.7051361170910178,0.39058224566659633,0.693836103898951,0.576547128919422,0.6680115
19,2023-12-07 11:18:00+00:00,0.6931318124448942,0.47352553705867045,0.4871219402414903,0.7435312718975154,0.7067372702924745,0.39704811773481374,0.693836103898951,0.5765242760397273,0.6639692
19,2023-12-07 11:19:00+00:00,0.698258441786665,0.4992106146733027,0.49172298021377814,0.7435312718975154,0.7051361170910178,0.39058224566659633,0.693836103898951,0.5837397267933025,0.66936046
19,2023-12-07 11:20:00+00:00,0.7033651362060155,0.4420259010789996,0.4671766587720295,0.7435312718975154,0.7051361170910178,0.3961594058584511,0.6720559741055284,0.5816573070347416,0.6632934
19,2023-12-07 11:21:00+00:00,0.7084774031558261,0.46177622510602895,0.4756263196783049,0.7435312718975154,0.7067372702924745,0.3931033245459958,0.693836103898951,0.5778654619040365,0.66269124
19,2023-12-07 11:22:00+00:00,0.7135864341545173,0.470002914698704,0.48166871239683257,0.7435312718975154,0.7051361170910178,0.3911533629676812,0.6720559741055284,0.5758258798438175,0.6680115
19,2023-12-07 11:23:00+00:00,0.71869522713333,0.45163883499518015,0.474629535766749,0.7435312718975154,0.7067372702924745,0.39704811773481374,0.693836103898951,0.5746459455044216,0.6653917
19,2023-12-07 11:24:00+00:00,0.723801625144791,0.474843545471956,0.48008035648784536,0.7435312718975154,0.7051361170910178,0.3950981561564991,0.6720559741055284,0.5814960555098283,0.6632934
19,2023-12-07 11:25:00+00:00,0.7289233072090497,0.42762261759683945,0.4459829103802605,0.7435312718975154,0.7051361170910178,0.39058224566659633,0.693836103898951,0.5837397267933025,0.6742512
19,2023-12-07 11:26:00+00:00,0.7340504240885387,0.48726811227209105,0.4858103075284165,0.7435312718975154,0.7051361170910178,0.3950981561564991,0.693836103898951,0.5724129461380099,0.6680115
19,2023-12-07 11:27:00+00:00,0.7391531171599104,0.43114427953459306,0.45330582385521545,0.7435312718975154,0.7051361170910178,0.39452703885541424,0.693836103898951,0.5825967360346482,0.6720609
19,2023-12-07 11:28:00+00:00,0.7442676639652606,0.48877108145570297,0.4882567671423051,0.7435312718975154,0.7051361170910178,0.3911533629676812,0.680993973928246,0.5737541320023191,0.6662442
19,2023-12-07 11:29:00+00:00,0.749373617498267,0.4654530633458554,0.47484994026365634,0.7435312718975154,0.7051361170910178,0.3961594058584511,0.680993973928246,0.5756116557697252,0.6612688
19,2023-12-07 11:30:00+00:00,0.7544871587976413,0.43687374072692414,0.4594379425004599,0.7435312718975154,0.7067372702924745,0.39704811773481374,0.680993973928246,0.5807426406529445,0.6612688
19,2023-12-07 11:31:00+00:00,0.7596000725899419,0.4392803442081222,0.45898018122780126,0.7435312718975154,0.7051361170910178,0.3950981561564991,0.680993973928246,0.5724129461380099,0.6638886
19,2023-12-07 11:32:00+00:00,0.7647009470300953,0.3034385891965994,0.3196138342626468,0.7435312718975154,0.7086563492557112,0.43671173865974294,0.7055365326483608,0.5878746263492973,0.7088957
19,2023-12-07 11:33:00+00:00,0.7698215287723943,0.19244460509947686,0.2612274992165778,0.7435312718975154,0.7062161251113213,0.4001301443286497,0.6343398646940743,0.6105354105341853,0.70646423
19,2023-12-07 11:34:00+00:00,0.7749406771544499,-0.17259233016947872,-0.12292214115749744,0.7435312718975154,0.7062676047334477,0.43498937625694095,0.6729491526134208,0.6321317032430613,0.74415654
19,2023-12-07 11:35:00+00:00,0.7800553837218094,0.1853582597269648,0.10389778275895672,0.7435312718975154,0.7142610420081289,0.4427633520852987,0.685638208784854,0.6090336592851398,0.72890896
19,2023-12-07 11:36:00+00:00,0.7851649265432461,0.277377423694372,0.2871238812636475,0.7435312718975154,0.7056682897742038,0.41029325683690776,0.6774937718778495,0.5644547904633365,0.66940373
19,2023-12-07 11:37:00+00:00,0.7902757454199207,0.20355878759277296,0.22059126806964907,0.7435312718975154,0.7030071732463615,0.4131513372859426,0.6608432901287545,0.5500793838708846,0.64625305
19,2023-12-07 11:38:00+00:00,0.7953806569283433,0.21841549105894714,0.2361737841316252,0.7435312718975154,0.7030071732463615,0.4165683946197878,0.6544489684227406,0.564464002448417,0.64827186
19,2023-12-07 11:39:00+00:00,0.8004991510149133,0.25855888065171273,0.2874328452704844,0.7435312718975154,0.7030071732463615,0.4206123718679226,0.6544489684227406,0.5560958976080879,0.6583306
19,2023-12-07 11:40:00+00:00,0.8056442116282988,0.0006796505702789113,0.20319562532715557,0.7435312718975154,0.7050158757878163,0.436105783134968,0.6734260737666777,0.49178703915845734,0.69773036
19,2023-12-07 11:41:00+00:00,0.8107563413588955,0.2026291270455552,0.07127014978056467,0.7435312718975154,0.7106832893314828,0.4162476927714947,0.6372659872553694,0.6044432029460182,0.69416916
19,2023-12-07 11:42:00+00:00,0.815960809916426,0.09409967699002181,0.1709818123945545,0.7435312718975154,0.6955802398622938,0.2998574594963386,0.4922725976293856,0.4482541682694536,0.60935897
19,2023-12-07 11:43:00+00:00,0.8210359409956737,0.38499593649098834,0.37192514958014455,0.7435312718975154,0.7074336980897736,0.28618625889699406,0.6047749386208414,0.4903708189088753,0.64177805
19,2023-12-07 11:44:00+00:00,0.825765637614364,0.3482411237116927,0.32704460581208306,0.7435312718975154,0.7030545013104685,0.28080826485052024,0.6026495079093587,0.49855873744451584,0.6137013
19,2023-12-07 11:45:00+00:00,0.8314717749581754,0.3526976573512157,0.34883096401511193,0.7435312718975154,0.6965740412886469,0.29813743296165157,0.5148696895873044,0.5861338263932055,0.6335904
19,2023-12-07 11:46:00+00:00,0.8363704131556073,0.22091483514108173,0.23506124923604704,0.7435312718975154,0.6959971778499391,0.29164598149926707,0.5842606772694673,0.5470584422467207,0.579591
19,2023-12-07 11:47:00+00:00,0.8418140808698118,0.23163992238630599,0.22824146401572648,0.7435312718975154,0.6951468565983752,0.29116411258178654,0.5855876266017326,0.533673469631017,0.65755725
19,2023-12-07 11:48:00+00:00,0.8464032106239974,0.1482296869371838,0.16078045349993797,0.7435312718975154,0.6971020018079592,0.29149622452097274,0.5641718378913816,0.5455656096826088,0.62296426
19,2023-12-07 11:49:00+00:00,0.8522322392136912,0.26311324724862173,0.2581685451960578,0.14421932047408076,0.547995330712335,0.4473764823950013,0.5468295053907882,0.5569581889149848,0.5428139
19,2023-12-07 11:50:00+00:00,0.8567789097506789,0.49522969593550387,0.4592732801834292,0.14421932047408076,0.5368389258973268,0.47932667985354516,0.5512544992273974,0.5366457577517787,0.5371757
19,2023-12-07 11:51:00+00:00,0.8618529451031848,0.4249431812268666,0.43917365818020987,0.6947545768608958,0.6798335047859597,0.4959760393206409,0.6412130523224695,0.6449300335919346,0.59254974
19,2023-12-07 11:52:00+00:00,0.8669415101710275,0.4088165110739719,0.41248266945824663,0.6947545768608958,0.6452932873889611,0.4730912942979692,0.6261352922376393,0.6430325671149575,0.53598213
19,2023-12-07 11:53:00+00:00,0.8720949002999054,0.3901435177257491,0.4227744875050168,0.14421932047408076,0.5333327538439678,0.4685842876165385,0.5999644327091513,0.5648162638837596,0.51690745
19,2023-12-07 11:54:00+00:00,0.8771580554105869,0.5067916636963745,0.5020498870480181,0.14421932047408076,0.5355626992927957,0.48764351334468037,0.5681047006127962,0.6194482614901953,0.57287806
19,2023-12-07 11:55:00+00:00,0.8822325863675049,0.5580700091808986,0.5512202320277015,0.8649017387292695,0.7222365420139523,0.5058014840081388,0.6372005864908029,0.7816045634221753,0.674031
19,2023-12-07 11:56:00+00:00,0.8873705865458705,0.5428931803417383,0.5317657924808792,0.6947545768608958,0.6493829079230218,0.4875151919519732,0.6274626693347527,0.6740958756806588,0.56032234
19,2023-12-07 11:57:00+00:00,0.89256020923648,0.6672404168769379,0.6865700176388098,0.14421932047408076,0.5424294485811665,0.490698296587657,0.5655289742391246,0.5842462790225977,0.5266413
19,2023-12-07 11:58:00+00:00,0.8976135545453666,0.4895742338238534,0.5027364988711687,0.6947545768608958,0.6439816854525371,0.48110485229040034,0.5757641454365485,0.6778692142491329,0.5712996
19,2023-12-07 11:59:00+00:00,0.9016583899772559,0.3701180756696538,0.38577523893667914,0.8175070508716641,0.7263969628648854,0.5327019841498486,0.6161344349363079,0.8216274693143757,0.66387945
19,2023-12-07 12:00:00+00:00,0.9078620271989176,0.04993221821885868,0.07247461127902982,0.7435312718975154,0.7114718471854993,0.4253678627877939,0.6914987841224255,0.6147656664128047,0.66165715
19,2023-12-07 12:01:00+00:00,0.9129789115428234,0.06067250155644871,0.09529660154038261,0.7435312718975154,0.7093817205466487,0.3967364158233526,0.674752271364512,0.6045269048749192,0.6453372
19,2023-12-07 12:02:00+00:00,0.9180760276237598,0.14570170054734227,0.16680780095632536,0.7435312718975154,0.7093817205466487,0.3995053259516335,0.674752271364512,0.5850451064289931,0.6305823
19,2023-12-07 12:03:00+00:00,0.923203855323466,0.1739715636621147,0.1855373567551128,0.7435312718975154,0.7093817205466487,0.4021367384150322,0.674752271364512,0.5855819888380165,0.6284833
19,2023-12-07 12:04:00+00:00,0.9283294802088283,0.19387666570978773,0.20438898055050986,0.7435312718975154,0.7098361857039502,0.39976437309573143,0.674752271364512,0.5966592314119848,0.6396571
19,2023-12-07 12:05:00+00:00,0.9334384226041197,0.21201620597565857,0.2205231416976317,0.7435312718975154,0.7098361857039502,0.399491817140152,0.6438706588517363,0.6073628329514218,0.63661057
19,2023-12-07 12:06:00+00:00,0.9385476852561577,0.21505048157455825,0.22240747695568347,0.7435312718975154,0.7100533192798215,0.4023320503420814,0.6438706588517363,0.614902993021033,0.6448584
19,2023-12-07 12:07:00+00:00,0.9436585672994412,0.235433299093796,0.23784269122137008,0.7435312718975154,0.710091247773065,0.40327176049599134,0.6144791261064593,0.6227316966005636,0.647132
19,2023-12-07 12:08:00+00:00,0.9487713359702884,0.24564328507978722,0.2522785097588145,0.7435312718975154,0.710091247773065,0.4077533739919821,0.632924931250799,0.6213804128097863,0.64809966
19,2023-12-07 12:09:00+00:00,0.9538743180131273,0.23829302722418838,0.24126134084932177,0.7435312718975154,0.710091247773065,0.41298664517125483,0.6017998828911202,0.6130848933450275,0.64326084
19,2023-12-07 12:10:00+00:00,0.9590003087889007,0.3028629189647991,0.2852000827932532,0.7435312718975154,0.7102157889053053,0.4130013126428427,0.624811746171638,0.6052547510859725,0.65574837
19,2023-12-07 12:11:00+00:00,0.9641198969212834,0.320729812853799,0.33225950463488363,0.7435312718975154,0.7098958546371672,0.41335372327914005,0.624811746171638,0.6153458284018694,0.6589064
19,2023-12-07 12:12:00+00:00,0.9692296185116501,0.3039500783663631,0.3261037400810671,0.7435312718975154,0.7106038749681514,0.41004971942627433,0.6308836136081137,0.6077180660770712,0.65714467
19,2023-12-07 12:13:00+00:00,0.974333144759939,0.3064392736956525,0.33138574200559373,0.7435312718975154,0.7108851178224189,0.403971357270358,0.6308836136081137,0.5907052344575638,0.6476686
19,2023-12-07 12:14:00+00:00,0.9794503145730195,0.2741060820415986,0.30642441858832986,0.7435312718975154,0.7104377698971776,0.39822396489068473,0.6308836136081137,0.5967232794205872,0.65915865
19,2023-12-07 12:15:00+00:00,0.9845568251198789,0.3266383739887364,0.3321362689184863,0.7435312718975154,0.7104377698971776,0.401509476264109,0.6402285321743699,0.5949469557340566,0.6567701
19,2023-12-07 12:16:00+00:00,0.9896644678139576,0.31084502457742547,0.32455232269967454,0.7435312718975154,0.7104377698971776,0.39955774007520195,0.6402285321743699,0.5866219964193186,0.66068894
19,2023-12-07 12:17:00+00:00,0.9947730282473489,0.3274093613872755,0.3323630632170369,0.7435312718975154,0.7104377698971776,0.39747800805428973,0.6424909197686729,0.5895848455783547,0.6546355
19,2023-12-07 12:18:00+00:00,0.9986482776348413,0.31354005591399003,0.3278394578247941,0.7435312718975154,0.7120332575883787,0.40877314009160703,0.6498225407780037,0.5808895352946339,0.65103495
20,2024-01-15 11:31:00+00:00,0.0,0.23349624487106496,0.2903929312006006,0.7435312718975154,0.6835184490035893,0.3778583291583361,0.44714307719911905,0.5008264572019494,0.45880106
20,2024-01-15 11:32:00+00:00,0.0020743460445572146,0.35276939660270346,0.19581392984078144,0.7435312718975154,0.7104377698971776,0.3467003591688625,0.6118009517090629,0.5519833635284971,0.61835486
20,2024-01-15 11:33:00+00:00,0.0063736761823293565,0.12841121266122052,0.16147177565242116,0.7435312718975154,0.7120332575883787,0.34985291295273235,0.5975585996480228,0.5487659482106084,0.63080597
20,2024-01-15 11:34:00+00:00,0.00915793892398352,0.15029620665244942,0.17159517866415747,0.7435312718975154,0.7136270874871152,0.3453370024628296,0.6223687796778589,0.5497134205813438,0.63382375
20,2024-01-15 11:35:00+00:00,0.012722544386694012,0.14625124508478443,0.17289771437165552,0.7435312718975154,0.7120332575883787,0.3459081197639145,0.6118009517090629,0.5646003887918396,0.6308161
20,2024-01-15 11:36:00+00:00,0.016296568727982207,0.17408110531609872,0.18880564908023495,0.7435312718975154,0.7136270874871152,0.3459081197639145,0.6118009517090629,0.5497134205813438,0.62055105
20,2024-01-15 11:37:00+00:00,0.019865894092873752,0.1358630627676623,0.1677773051614349,0.7435312718975154,0.7136270874871152,0.3459081197639145,0.6118009517090629,0.5497134205813438,0.62055105
20,2024-01-15 11:38:00+00:00,0.023435280252675807,0.12077999618909324,0.15480903999925638,0.7435312718975154,0.711901435343318,0.3459081197639145,0.5975585996480228,0.5495151458466402,0.62249446
20,2024-01-15 11:39:00+00:00,0.027059231960340994,-0.3421311813765313,-0.2932855921758789,0.7435312718975154,0.7159145204063555,0.4060239044774095,0.6182878335342907,0.5901997596907044,0.67265064
20,2024-01-15 11:40:00+00:00,0.030595270617603705,-0.2716612078862055,-0.3896364804380358,0.7435312718975154,0.7140784818440896,0.3580930364103709,0.6336016207397783,0.6149802238498946,0.7154311
20,2024-01-15 11:41:00+00:00,0.03410758356374921,-0.30137429968802953,-0.2284484407926276,0.7435312718975154,0.7172681950193142,0.3490358700942153,0.6159810420764681,0.5737068272381676,0.64706534
20,2024-01-15 11:42:00+00:00,0.038032086087146456,-3.742378706038118,-2.8562527666825486,0.7435312718975154,0.25545992096384573,0.10378035439881296,0.1679807023686274,-0.02704216040172245,-0.045533754
20,2024-01-15 11:43:00+00:00,0.04125533112145188,0.050053501308734705,0.05878446611765176,0.027505789944354635,0.04028521055261528,0.04678571708500693,-0.031363556289764075,-0.002763551280823953,-0.034504794
20,2024-01-15 11:44:00+00:00,0.044793629761395365,-0.011991103186729912,-0.0011696837329414622,0.027505789944354635,0.03583448087879884,0.038305186550455644,-0.022871760061363863,0.0019404380817507152,-0.051309675
20,2024-01-15 11:45:00+00:00,0.04810917787773362,-0.17237636376455212,-0.14812800863158582,0.027505789944354635,0.034018650580633664,0.04445254102980359,-0.019444782963231093,0.027005044826875803,-0.05011001
20,2024-01-15 11:46:00+00:00,0.05197543336699278,-0.23394211380766228,-0.22051320717835843,0.027505789944354635,0.033830051398487264,0.0419052626927193,-0.028973279999299828,0.058062891751089266,-0.01896658
20,2024-01-15 11:47:00+00:00,0.055554967529506845,-0.18631389107302487,-0.1598001162200351,0.027505789944354635,0.035006301218025664,0.0417386281037418,-0.0015068606777605994,0.044690310265542946,0.0084646335
20,2024-01-15 11:48:00+00:00,0.05911553236657101,-0.1610454455848509,-0.15956695602048931,0.027505789944354635,0.03628904519035674,0.04864681377936204,0.05172536554064181,0.06821772897323342,0.030837351
20,2024-01-15 11:49:00+00:00,0.06268953081503159,-0.13329041659999818,-0.1299151861891048,0.027505789944354635,0.04663968074267861,0.0566748611191713,0.13666481780962447,0.06910339638876407,0.063708976
20,2024-01-15 11:50:00+00:00,0.06627019367807536,-0.14019425847066413,-0.1247113614976959,0.027505789944354635,0.04123165927765845,0.04807477437357274,0.16005537951944004,0.058580901984032874,0.037881464
20,2024-01-15 11:51:00+00:00,0.06984987824564763,-0.12283410125553429,-0.09966779824097072,0.027505789944354635,0.042535998956145564,0.050406159346682265,0.14696711234422877,-0.009287320290582643,0.011485052
20,2024-01-15 11:52:00+00:00,0.07378679242442567,0.00082270628929898,0.03707986136094593,0.22395475173419743,0.21384340244479635,0.09716010451250032,0.16866838444056992,0.048888338799174744,0.05827916
20,2024-01-15 11:53:00+00:00,0.07702568755585085,0.18893285956863576,0.17472833868553028,0.05785340524255025,0.09022823108569256,0.07480227617291196,0.17806360230326432,0.06922586905864125,0.02764107
20,2024-01-15 11:54:00+00:00,0.08051772720291664,0.2652342331266764,0.25150827089031735,0.05785340524255025,0.08997200127945945,0.08099596484382918,0.15834212077057983,0.08982873742659503,0.03434193
20,2024-01-15 11:55:00+00:00,0.0838335230082473,0.09866851494166445,0.10081218123784846,0.16152139898712364,0.12169128016628915,0.10208315686681804,0.14825645236076104,0.04456413350870612,0.009462827
20,2024-01-15 11:56:00+00:00,0.08775438242590419,0.05397759601420932,0.04413950196741173,0.16152139898712364,0.126462985840712,0.12274384182775477,0.11998928967671559,0.08901530119243292,0.05814962
20,2024-01-15 11:57:00+00:00,0.09126715426187666,0.12145255541336258,0.09409552003637145,0.22395475173419743,0.13089856293153532,0.09260028446091748,0.1777009323317726,0.16327897748073347,0.077720106
20,2024-01-15 11:58:00+00:00,0.09480498039613258,0.17783323086319897,0.18414144093746726,0.05785340524255025,0.08939489672013459,0.08611956336122599,0.15539245264347573,0.13002309212291735,0.021721497
20,2024-01-15 11:59:00+00:00,0.09853245591817882,0.20026084737769662,0.18676040329833488,0.05785340524255025,0.11423167028273044,0.09192611329812349,0.17612308688390202,0.14444152634141544,0.052709114
20,2024-01-15 12:00:00+00:00,0.10180656338402758,0.05920000728583791,0.04683335298571295,0.16152139898712364,0.157584042289482,0.1306694069028093,0.17285247855947586,0.12099442225944053,0.037272573
20,2024-01-15 12:01:00+00:00,0.10562909426223685,0.1717611064656644,0.2057731519271893,0.16152139898712364,0.09421494489732771,0.09052195963259799,0.09359487893305564,0.12220917361875985,0.041846562
20,2024-01-15 12:02:00+00:00,0.10911222890006504,0.1396511365079776,0.15408527029300395,0.05785340524255025,0.12720254133832973,0.0925907835343043,0.12078805699307689,0.13314417215027483,0.060651835
20,2024-01-15 12:03:00+00:00,0.11257521372725807,0.20572525601200337,0.21365967869918134,0.05785340524255025,0.10213686252868767,0.08926024777930838,0.11498691679246989,0.13029871135573912,0.05120099
20,2024-01-15 12:04:00+00:00,0.11556320821701775,0.10333236274764307,0.0938898599456161,0.22395475173419743,0.17595282888659095,0.13667068245748262,0.20938844384244804,0.15412873798598195,0.10785571
20,2024-01-15 12:05:00+00:00,0.11977557539738334,0.17095153846149153,0.21604806599049425,0.027505789944354635,0.19042138332398098,0.24451372743739522,0.21323841776875013,0.18530297364787154,0.13948059
20,2024-01-15 12:06:00+00:00,0.1233444754628041,0.21615288003848981,0.2386264834969895,0.027505789944354635,0.1303907476200845,0.22568180729355405,0.19264457078807695,0.023781606512474313,0.0548026
20,2024-01-15 12:07:00+00:00,0.12690449281481547,0.28114067545246657,0.2970890011165818,0.027505789944354635,0.13046434770067752,0.23029970920683543,0.19264457078807695,0.021785528643293743,0.022546643
20,2024-01-15 12:08:00+00:00,0.13054340122810767,-0.04353495966366294,-0.07996252571269613,0.027505789944354635,0.13583878109356798,0.20514892493233558,0.13409402386945168,0.07888130004003388,0.07365412
20,2024-01-15 12:09:00+00:00,0.13403954991880376,0.04629822111450249,0.07658980220876782,0.027505789944354635,0.13156423307161227,0.19175744046882637,0.11818435183129541,0.1025596350756764,0.080960065
20,2024-01-15 12:10:00+00:00,0.13761216408374455,-0.28864457521577647,-0.23709306684118903,0.027505789944354635,0.07142150193044056,0.137902330085641,0.18561215398249314,0.054927297675801526,0.04375649
20,2024-01-15 12:11:00+00:00,0.1410578190610852,0.10427577310127095,0.10371229089574946,0.027505789944354635,0.04510597259219256,0.09016035041668821,0.07228025712484913,0.025076082674264914,-0.055490423
20,2024-01-15 12:12:00+00:00,0.14473972861896994,-0.05109681660176468,-0.055606196978281286,0.027505789944354635,0.03943021939905097,0.08776063948581916,0.013446354853246233,0.09082163846406804,0.008312171
20,2024-01-15 12:13:00+00:00,0.14832532965344028,-0.057250659034759455,-0.05203586051986642,0.027505789944354635,0.0364834500206254,0.1019832996706274,0.057900037703645324,0.06461683713129492,0.005579483
20,2024-01-15 12:14:00+00:00,0.15190536745290853,-0.12069056614995999,-0.09948211487191205,0.027505789944354635,0.04600084714865464,0.08320784694647045,0.1485093121424647,0.06363963599747416,0.055703126
20,2024-01-15 12:15:00+00:00,0.1554737420695467,0.005074985947491728,0.022148953721411846,0.027505789944354635,0.05109034823496739,0.11845022996465322,0.16825611256555723,0.04755384908240972,0.05743752
20,2024-01-15 12:16:00+00:00,0.1590532762865292,-0.03207724163855241,-0.025917604011680084,0.027505789944354635,0.05847239139718431,0.08655602174819449,0.1638581434059425,0.06993747918534327,0.050742924
20,2024-01-15 12:17:00+00:00,0.16262335265972092,-0.05280978436278838,-0.0156437233224771,0.027505789944354635,0.06461423370475886,0.09218807226747035,0.14696711234422877,0.003170326122280981,0.06581831
20,2024-01-15 12:18:00+00:00,0.16658805023101214,0.04568524161779536,0.07461048780694285,0.16152139898712364,0.12129706807582735,0.11340719143526906,0.15586635761323597,0.04986411662157096,0.004456844
20,2024-01-15 12:19:00+00:00,0.16978686346856472,0.04601387840899701,0.04529023968100154,0.16152139898712364,0.14468880552866553,0.13735578625087164,0.15402794135819134,0.11426027233657939,0.067472644
20,2024-01-15 12:20:00+00:00,0.1731141592878999,0.19287534422632518,0.21211367673550735,0.16152139898712364,0.111776003558627,0.1074360137128214,0.15155541264585393,0.1490084852026738,0.08487901
20,2024-01-15 12:21:00+00:00,0.17734298660115125,0.27959655610721557,0.30320096926511897,0.16152139898712364,0.11625848733170042,0.12557240503655254,0.15706070905715588,0.14999002776238013,0.08896089
20,2024-01-15 12:22:00+00:00,0.1800628966977752,0.22185499117787405,0.2266022007736781,0.16152139898712364,0.10832503149932622,0.11591971577439208,0.10135136634709158,0.12420878199550872,0.037048236
20,2024-01-15 12:23:00+00:00,0.18431641882378186,0.15644006534567684,0.16247849544037918,0.16152139898712364,0.1380137266530939,0.11132509827699172,0.0945833217634296,0.11817429090478805,0.028505227
20,2024-01-15 12:24:00+00:00,0.1876550226837844,0.26115267162159705,0.2675792192522126,0.16152139898712364,0.1310343339647147,0.13906105805078764,0.0945833217634296,0.11941299339861271,0.037850607
20,2024-01-15 12:25:00+00:00,0.19122108165055193,0.1921429130875852,0.20694691560095335,0.16152139898712364,0.14288700245733849,0.1422913597453284,0.11945448008738657,0.11481809290464394,0.056126524
20,2024-01-15 12:26:00+00:00,0.1945861075377057,0.22807338827477658,0.24103452968287392,0.16152139898712364,0.1354508723243746,0.14436488949947796,0.1436622921316826,0.1280482554297694,0.07849714
20,2024-01-15 12:27:00+00:00,0.19828425872798575,0.23025207453910795,0.24946099014732664,0.16152139898712364,0.18674453613853095,0.1505491086357298,0.13689424754802065,0.14465501433937294,0.0943203
20,2024-01-15 12:28:00+00:00,0.20199231137224402,0.20265506614436785,0.22255488330772838,0.16152139898712364,0.16616072249390684,0.1532626001401664,0.13689424754802065,0.14285180014369558,0.10135918
20,2024-01-15 12:29:00+00:00,0.20535911984320734,0.24610721794981721,0.25194872765736187,0.16152139898712364,0.1667134065106013,0.16004765247077862,0.13689424754802065,0.14257393455197462,0.10227217
20,2024-01-15 12:30:00+00:00,0.2089241899658165,0.25492441520321085,0.26381245956414856,0.16152139898712364,0.17087624831791232,0.1679706813181486,0.14231041568226588,0.14388155845403255,0.11096733
20,2024-01-15 12:31:00+00:00,0.2126503034279227,0.2549808800666109,0.2709205811832963,0.16152139898712364,0.17581483685132476,0.1771655922259678,0.14231041568226588,0.14546798249801896,0.11424652
20,2024-01-15 12:32:00+00:00,0.2160426627199088,0.21627927315506895,0.23216365677693768,0.16152139898712364,0.18419789015180726,0.18373102052782267,0.14231041568226588,0.1466636475898636,0.11541075
20,2024-01-15 12:33:00+00:00,0.2195586189863686,0.232178713855078,0.25260169484516415,0.16152139898712364,0.19870692403106935,0.19017355395662833,0.14231041568226588,0.1493316488631086,0.114645556
20,2024-01-15 12:34:00+00:00,0.22335235906786044,0.2806061007638374,0.2872605598703606,0.16152139898712364,0.21880884038703446,0.1954124155667187,0.14231041568226588,0.151058768595014,0.13680561
20,2024-01-15 12:35:00+00:00,0.22691135184177552,0.2413431062125429,0.25386128866927093,0.16152139898712364,0.2080816505457972,0.19749897792383184,0.15920794362326202,0.17284488740237614,0.14982249
20,2024-01-15 12:36:00+00:00,0.2303021828851442,0.26845585202564015,0.2739775269198275,0.16152139898712364,0.2416221161440996,0.20445584536963163,0.1704946673585543,0.18654352662292545,0.16757904
20,2024-01-15 12:37:00+00:00,0.2340105371730553,0.29556732185740353,0.30770757367170176,0.16152139898712364,0.2338766118707553,0.21597100397507007,0.1808272252137836,0.18592158416496993,0.16653791
20,2024-01-15 12:38:00+00:00,0.23766032905525886,0.26120629484881475,0.27697332116407886,0.16152139898712364,0.2160711429151703,0.22177438556202014,0.20561540623591035,0.20774372094585672,0.19936918
20,2024-01-15 12:39:00+00:00,0.24101528494725058,0.2790226793785444,0.280742801016713,0.24139981687356588,0.24165535883591127,0.23625666983851398,0.19884736165224837,0.22988693475523184,0.22213951
20,2024-01-15 12:40:00+00:00,0.2446164249231946,0.31664944974023657,0.3294999317115516,0.24139981687356588,0.2207714508806834,0.24353035590524177,0.2354103762649983,0.24722521429405792,0.23192438
20,2024-01-15 12:41:00+00:00,0.24837100568931572,0.290747250587835,0.3002665509291992,0.24139981687356588,0.22811363816411748,0.2532181962412456,0.21353265155537682,0.25347627649483057,0.22996381
20,2024-01-15 12:42:00+00:00,0.2517677638411162,0.2624515232251805,0.277456706061897,0.24139981687356588,0.23015921311843138,0.26531131743878034,0.2142018751557161,0.26515476409209254,0.22613908
20,2024-01-15 12:43:00+00:00,0.25527214567208656,0.30461344989619166,0.3175088507506756,0.24139981687356588,0.23963883367697353,0.2846550419755566,0.21550923429817562,0.27479123162587465,0.22891897
20,2024-01-15 12:44:00+00:00,0.259043102199992,0.3207867320051254,0.3331307412431843,0.22395475173419743,0.23963158059418443,0.2995823408145595,0.24757989074613393,0.2883811625036781,0.23892583
20,2024-01-15 12:45:00+00:00,0.26248253957945267,0.25735863472494414,0.2633681219545557,0.24139981687356588,0.26176456430583306,0.3068936848799239,0.20874118971451364,0.28903893159079735,0.24739684
20,2024-01-15 12:46:00+00:00,0.26592158869886184,0.31729544161546697,0.3205839485939115,0.24139981687356588,0.289376863588981,0.3117631651677257,0.23051700245955808,0.3040890649310598,0.25953266
20,2024-01-15 12:47:00+00:00,0.26968668557997943,0.3068573071517666,0.3185497705328467,0.4901154289220083,0.30784903171541667,0.32961918291482556,0.24708266861252823,0.30907134136703046,0.26982057
20,2024-01-15 12:48:00+00:00,0.2733474560202307,0.25756888902956154,0.2705527065425216,0.4901154289220083,0.34939116309617807,0.35194888481531106,0.26006386127497183,0.3160328522161481,0.27989253
20,2024-01-15 12:49:00+00:00,0.27671023614650475,0.3295493159371268,0.33330076241196605,0.4901154289220083,0.3662802418587273,0.36145776356028575,0.30168329240704206,0.34142626333885034,0.30043983
20,2024-01-15 12:50:00+00:00,0.2803607346893689,0.32931845232302104,0.33634025415429375,0.4901154289220083,0.3498629932290262,0.36055583065635766,0.29476931443503185,0.3556878037242617,0.3030213
20,2024-01-15 12:51:00+00:00,0.28373698230248867,0.3044773899056783,0.31158113815033384,0.4901154289220083,0.37260082434314623,0.3758972522427975,0.315742979613137,0.34457257769955785,0.32780483
20,2024-01-15 12:52:00+00:00,0.2874891717522661,0.418399989314914,0.43138243507344987,0.4901154289220083,0.4435221398791102,0.46673335299217417,0.5376010603542093,0.510021202334969,0.47091416
20,2024-01-15 12:53:00+00:00,0.29119404316231323,0.4494906619748665,0.4541255958342578,0.4901154289220083,0.45914000665203114,0.4287365076830948,0.43189010174166126,0.4261874181321475,0.4097561
20,2024-01-15 12:54:00+00:00,0.29447755416244886,0.3117451687276138,0.29949808145099,0.4901154289220083,0.39807774506587457,0.38111701061863795,0.33263944145519186,0.3400153029549796,0.34203297
20,2024-01-15 12:55:00+00:00,0.2982013258868381,0.24697984550660795,0.24498491860314286,0.4901154289220083,0.40600246076188096,0.4172156677084998,0.40200910112859345,0.4486304921219715,0.34330708
20,2024-01-15 12:56:00+00:00,0.3016756540114913,0.3332666571940899,0.3385935270027741,0.4901154289220083,0.37983017240551525,0.39350196251640474,0.33940748603885385,0.3524310821741561,0.34182906
20,2024-01-15 12:57:00+00:00,0.3054222524389366,0.20964959524402854,0.22312410923081416,0.4901154289220083,0.34592495304111387,0.3978456972558671,0.3764807536170691,0.3430076639168301,0.31390747
20,2024-01-15 12:58:00+00:00,0.3087260223313308,0.3531104125257847,0.35685974444452484,0.4901154289220083,0.37190761247388404,0.3964209725420127,0.3416931575375507,0.35111443718670793,0.32926112
20,2024-01-15 12:59:00+00:00,0.3125925190093531,0.24840859196953918,0.2588816530070186,0.4901154289220083,0.3842585221290156,0.4103542742941974,0.3449127824501558,0.3499762128253199,0.3419064
20,2024-01-15 13:00:00+00:00,0.31572545092786886,0.3739223383137804,0.3794548569297143,0.4901154289220083,0.40169362966595384,0.42456800347463586,0.3913640952269799,0.3931953270850786,0.36222237
20,2024-01-15 13:01:00+00:00,0.3196836293104935,0.4154495948360358,0.4316821231178281,0.4901154289220083,0.47142025741646276,0.4852691974277632,0.536634109949054,0.48957212753449253,0.4852864
20,2024-01-15 13:02:00+00:00,0.3231644894620582,0.3394228915031685,0.35563906825762526,0.4901154289220083,0.38735996072606466,0.41419269936276615,0.37888983067092546,0.37298157277034627,0.32751182
20,2024-01-15 13:03:00+00:00,0.32668303524469045,0.4344497988551735,0.4387854146590287,0.4901154289220083,0.39962182718154243,0.4587298858372349,0.4384792122096785,0.38674538434050276,0.36820877
20,2024-01-15 13:04:00+00:00,0.330565688167114,0.4025047498686641,0.4022061623052018,0.4901154289220083,0.44376442706528546,0.4555978067033571,0.45000815296685087,0.40409980196746426,0.38465855
20,2024-01-15 13:05:00+00:00,0.33390327522375196,0.34388050677467374,0.3402690628679702,0.4901154289220083,0.34410520057250776,0.41965544561110496,0.377666123406778,0.35508308276200473,0.3307776
20,2024-01-15 13:06:00+00:00,0.3376948214040587,0.2296131759718319,0.22406180445680723,0.4901154289220083,0.4014361416946788,0.43308789848086043,0.3868839760357054,0.3494249763505085,0.3376322
20,2024-01-15 13:07:00+00:00,0.3409934488194058,0.3357291189368312,0.3549934544858555,0.4901154289220083,0.3748699617986361,0.429710358115044,0.35644172320732825,0.36052127370806436,0.355074
20,2024-01-15 13:08:00+00:00,0.3445689236059919,0.24683683782174676,0.26295837432245744,0.4901154289220083,0.4075629216573047,0.41950845393600816,0.3879527305113714,0.3695824201127588,0.39405304
20,2024-01-15 13:09:00+00:00,0.34829346493823693,0.351468024695921,0.3598278231208512,0.4901154289220083,0.3804015514372072,0.4226179595667536,0.3416931575375507,0.3574310089129682,0.34032622
20,2024-01-15 13:10:00+00:00,0.35171400534882,0.34969465405744815,0.3306411379225959,0.4901154289220083,0.4126665052671142,0.44823656052732747,0.4213527223555384,0.35141594172643487,0.40366262
20,2024-01-15 13:11:00+00:00,0.3553196438166249,0.2934789851015993,0.2885365360574319,0.4901154289220083,0.42539230095660685,0.41938679651383365,0.38739143608586746,0.4096990302251741,0.38125035
20,2024-01-15 13:12:00+00:00,0.3587341810463916,0.35818461483664477,0.3674145686200034,0.4901154289220083,0.38185250922955355,0.43944829904458566,0.3844870665222465,0.36210445322686413,0.3507142
20,2024-01-15 13:13:00+00:00,0.3624795784480409,0.41142953737795424,0.4169761996265879,0.4901154289220083,0.39514373627374644,0.4616376183109075,0.4138493257349507,0.41302145567567067,0.35200348
20,2024-01-15 13:14:00+00:00,0.3658958336091595,0.4876656338473136,0.49672566324969875,0.4901154289220083,0.41079189352444784,0.4848782897439104,0.4717523741862464,0.40392931128471177,0.43021592
20,2024-01-15 13:15:00+00:00,0.3691026644987322,0.3780054252391563,0.2957971670224572,0.7402746206630971,0.5750408100802755,0.6879925331292671,0.6431681663782118,0.5965449427090231,0.65666074
20,2024-01-15 13:16:00+00:00,0.3731389244730806,0.32001534829055744,0.3274480237130926,0.8044256130374242,0.6097688110190334,0.6421302832660578,0.6969685268930652,0.5151769549026431,0.5840936
20,2024-01-15 13:17:00+00:00,0.3767016034198907,0.3599035048134067,0.3652916433700811,0.8044256130374242,0.6073055395398813,0.6408254843902668,0.6873773309198977,0.5219091396296172,0.5876439
20,2024-01-15 13:18:00+00:00,0.38027024627451167,0.3912783619882068,0.40094059124231035,0.8044256130374242,0.6274691793489499,0.627927786559747,0.6873773309198977,0.45727755348120613,0.55716234
20,2024-01-15 13:19:00+00:00,0.3838362471530808,0.40104971587574006,0.4100431222643724,0.8044256130374242,0.619080414145479,0.6022598018583097,0.6873773309198977,0.40624240831865077,0.53727126
20,2024-01-15 13:20:00+00:00,0.38740199086784965,0.4174939423859248,0.42367567408212486,0.8044256130374242,0.6269302013258815,0.5351072866773674,0.6873773309198977,0.38714443205039606,0.5514481
20,2024-01-15 13:21:00+00:00,0.3909677106604044,0.3907765720953518,0.4111248592977569,0.8044256130374242,0.6350538263083062,0.47900227942226403,0.6817094144937473,0.40070703883630726,0.4871516
20,2024-01-15 13:22:00+00:00,0.3945425133306632,0.41878144230958775,0.42309339808297697,0.7809063648096399,0.5992076316692128,0.43333003090956795,0.6178530050806819,0.3478998652887087,0.47522384
20,2024-01-15 13:23:00+00:00,0.3981192261329766,0.42452758182520306,0.4359739527567254,0.7809063648096399,0.48328608381313404,0.358433547816528,0.44080333281816414,0.05539900834708752,0.1531764
20,2024-01-15 13:24:00+00:00,0.4016855098956351,0.44463858406496165,0.44871899047430336,0.015390160813376578,0.2410013881032124,0.3129657933327435,0.3264607345415256,0.004319900372863715,0.065092936
20,2024-01-15 13:25:00+00:00,0.4052501066903617,0.5168096234916111,0.5191124075241264,0.015390160813376578,0.2770326653760715,0.291729456248931,0.3264607345415256,0.033708002957348264,0.07545578
20,2024-01-15 13:26:00+00:00,0.40881660930821667,0.4701571112740273,0.5020020950881512,0.015390160813376578,0.293898857280393,0.24943382304765915,0.2847342972709473,-0.002523757031417243,0.07851999
20,2024-01-15 13:27:00+00:00,0.41238049690890355,0.5147917905689572,0.5275840151480705,0.015390160813376578,0.38852497427297505,0.3084215619949922,0.3719071663670478,0.24428944804868027,0.16451876
20,2024-01-15 13:28:00+00:00,0.41594475618858984,0.5050094668341107,0.5174297218708684,0.015390160813376578,0.3179939878225441,0.34395366719643783,0.15269041978490072,0.28345780856897945,0.24120134
20,2024-01-15 13:29:00+00:00,0.4195301084151184,0.1369214331267608,0.12991618343462846,0.22708815275047156,0.2795057716866282,0.10169495749730953,0.21516960429592913,0.008275114596556906,0.024570284
20,2024-01-15 13:30:00+00:00,0.42310060672344674,-0.03323424061433711,-0.054240936325229305,0.22708815275047156,0.3946088655565329,0.16748393662242247,0.3881935709698836,0.21454156689729192,0.25175658
20,2024-01-15 13:31:00+00:00,0.42666914198491673,0.03659790132186608,0.04106127889108169,0.027505789944354635,0.14031485701787774,0.18473557328711138,0.20694552245478426,0.08670596599475733,0.08205748
20,2024-01-15 13:32:00+00:00,0.43047389333791125,0.270155036210205,0.2481719147762344,0.027505789944354635,0.04633354318002986,0.047349480998451786,-0.0014254379915824523,0.020362032193787953,-0.043130767
20,2024-01-15 13:33:00+00:00,0.4338579558125196,0.17053201360911668,0.20307998313568204,0.22395475173419743,0.10021466583141463,0.08520153442210597,0.087563811264793,0.017396786124672107,-0.010140503
20,2024-01-15 13:34:00+00:00,0.43734757362670634,0.2961871609768434,0.26790188100389273,0.05785340524255025,0.07973026628995411,0.0800663301682132,0.10721636926976455,0.05741031601368601,-0.042053103
20,2024-01-15 13:35:00+00:00,0.4409565417849568,0.19536885832242273,0.2120051005233225,0.05785340524255025,0.09385279464717676,0.08461122483711293,0.1748769193126016,0.08490679353967663,0.020645168
20,2024-01-15 13:36:00+00:00,0.4444815903261905,0.2795164285012164,0.3138061860126735,0.05785340524255025,0.09447410111888643,0.08751223622762384,0.13510680672006156,0.09643944045041658,-0.015372876
20,2024-01-15 13:37:00+00:00,0.44811648261228976,0.2284660158051764,0.22885376237793464,0.05785340524255025,0.08549596338543004,0.07827285363237949,0.11414869885159198,0.09361416757192992,0.042811796
20,2024-01-15 13:38:00+00:00,0.4516186327201151,0.1763059146489963,0.18797744736077132,0.05785340524255025,0.10337106912074126,0.08585947670600652,0.11498691679246989,0.1306947918121631,0.029647578
20,2024-01-15 13:39:00+00:00,0.4551752416294852,0.20672791957418785,0.22064494144485508,0.05785340524255025,0.09911370530797746,0.0886079000823376,0.11968297432788787,0.13697249874569753,0.039931696
20,2024-01-15 13:40:00+00:00,0.45879105130724185,0.21786421005250883,0.225590924435701,0.05785340524255025,0.13658212817614543,0.09163662471889987,0.15575851942298866,0.13282494317102467,0.026922293
20,2024-01-15 13:41:00+00:00,0.4623590577703862,0.26593658067118175,0.27315244608432,0.05785340524255025,0.14254482516166192,0.10843652047798666,0.17642657096981085,0.09604918694967471,0.06452166
20,2024-01-15 13:42:00+00:00,0.46585868340253894,0.2782089233060092,0.2748522233591113,0.30721967211956047,0.18026667359492726,0.11103151997825368,0.20567570773211954,0.145136835584538,0.09299677
20,2024-01-15 13:43:00+00:00,0.4694474604177468,0.2661870646052864,0.2723397183468641,0.30721967211956047,0.16085657974598386,0.11666743000534564,0.18527211270307933,0.14820256560525644,0.07829539
20,2024-01-15 13:44:00+00:00,0.473058802895209,0.2829634807232799,0.29704932215780144,0.22395475173419743,0.17486416533071894,0.1222537113376012,0.21188208370983524,0.1930852955561702,0.12856314
20,2024-01-15 13:45:00+00:00,0.4766836452690128,0.2953432171849619,0.29687771838647353,0.30721967211956047,0.21815512448646435,0.13883593762665314,0.20348561334182497,0.12421997836831304,0.12749027
20,2024-01-15 13:46:00+00:00,0.4802090271902524,0.32574119720363415,0.3369959364232016,0.30721967211956047,0.22470824698166045,0.13520238189510714,0.2120798390691906,0.16249676137857721,0.13289027
20,2024-01-15 13:47:00+00:00,0.48371763675060725,0.2950649463752204,0.30723964784431257,0.30721967211956047,0.2089610026475244,0.13711611597073706,0.1974563254209865,0.16196085968317064,0.13450809
20,2024-01-15 13:48:00+00:00,0.48730328397011236,0.34232452537107205,0.3484129122468374,0.22395475173419743,0.19612544842889718,0.13698200588848322,0.2300955843485808,0.15802776108804545,0.1703091
20,2024-01-15 13:49:00+00:00,0.49095446005504284,0.35023469252450434,0.3501538964719408,0.30721967211956047,0.23842934531247523,0.14546381338175488,0.21847320564246905,0.16296486670258112,0.1546848
20,2024-01-15 13:50:00+00:00,0.4944910821399349,0.347496277618625,0.3508077780370208,0.30721967211956047,0.23824448743450072,0.14632979143586852,0.2120798390691906,0.1644181455734728,0.13022299
20,2024-01-15 13:51:00+00:00,0.497966878681587,0.3184624462338381,0.333685570848422,0.30721967211956047,0.21235201482774024,0.14952065093091596,0.20240850508395797,0.16751618738960894,0.1338682
20,2024-01-15 13:52:00+00:00,0.5015851536474156,0.3501466647893312,0.35467945524639877,0.30721967211956047,0.24113241463278123,0.14088868044176486,0.1974563254209865,0.12914540370558691,0.13586706
20,2024-01-15 13:53:00+00:00,0.5052548011557817,0.37919444937239405,0.3712623733164976,0.30721967211956047,0.25749495170120856,0.1534850230040691,0.20348561334182497,0.16583272579377872,0.12755053
20,2024-01-15 13:54:00+00:00,0.5087265535670062,0.37018814057631966,0.3700434889538269,0.30721967211956047,0.25740765585976294,0.17878130933954753,0.24325572593436495,0.20848022785531944,0.17826474
20,2024-01-15 13:55:00+00:00,0.5122061814605525,0.3863062741609658,0.38834684066974795,0.30721967211956047,0.24828347857246305,0.15509185167322648,0.19068828083732456,0.17138858054556835,0.13411325
20,2024-01-15 13:56:00+00:00,0.5158930145378314,0.3770838842535427,0.38110598640092386,0.30721967211956047,0.2639668946957154,0.16758525866597676,0.1974563254209865,0.15924257811327977,0.16347694
20,2024-01-15 13:57:00+00:00,0.5195196400785723,0.3359461300148747,0.34680970229104624,0.30721967211956047,0.30290603276269545,0.16400169415425248,0.20348561334182497,0.1764371706524851,0.14217028
20,2024-01-15 13:58:00+00:00,0.5229680223081004,0.368221487454671,0.3692498424170918,0.30721967211956047,0.23055591309319756,0.17198011576559508,0.21578793340178268,0.17636861222816586,0.15566516
20,2024-01-15 13:59:00+00:00,0.5265393996534617,0.31323029121025003,0.3248567647420092,0.30721967211956047,0.22877488558782286,0.17473450086723483,0.19928250656469018,0.17983763159809113,0.14109996
20,2024-01-15 14:00:00+00:00,0.5301987207197263,0.3812478055652409,0.395945977703438,0.30721967211956047,0.25991822102304546,0.18979419488430896,0.2120798390691906,0.1598317700156488,0.16515376
20,2024-01-15 14:01:00+00:00,0.5337220154027326,0.30799421963363693,0.3266973849345288,0.30721967211956047,0.27292034995937736,0.18090594779109978,0.21109187586636477,0.18597712146871082,0.16103014
20,2024-01-15 14:02:00+00:00,0.5372436114683813,0.4289932117514615,0.4331237156110353,0.30721967211956047,0.263457662189534,0.18157800371722924,0.2323227319438045,0.18825192182058662,0.17131129
20,2024-01-15 14:03:00+00:00,0.5408524505602209,0.3589193129893551,0.36556207615653324,0.30721967211956047,0.233452594435332,0.1831969844783282,0.20478637326405613,0.19043223632771672,0.18865485
20,2024-01-15 14:04:00+00:00,0.5444197690477989,0.3876428859433419,0.3913723096975051,0.30721967211956047,0.23247264267381837,0.20049583378308533,0.22128950106326198,0.18121418056736577,0.18168607
20,2024-01-15 14:05:00+00:00,0.5478952897155726,0.372055588025193,0.38282438823129267,0.30721967211956047,0.29704514466675214,0.20114925303153622,0.24048082295286724,0.2221055763636235,0.19269519
20,2024-01-15 14:06:00+00:00,0.5514956249591593,0.4091021187073776,0.40792444482226103,0.30721967211956047,0.24104664227420036,0.2006297064876371,0.2371469677538426,0.23412390480100315,0.19242206
20,2024-01-15 14:07:00+00:00,0.5551203251667766,0.3414395568686577,0.3538597169061824,0.30721967211956047,0.25605866076257877,0.1942138196772029,0.23522679327809945,0.22825707411113577,0.20476869
20,2024-01-15 14:08:00+00:00,0.5587287459093037,0.4105392420669279,0.40628590954999433,0.30721967211956047,0.2708212400642536,0.21881793493486806,0.26708043858928887,0.2133700053917089,0.20775422
20,2024-01-15 14:09:00+00:00,0.5622648252946657,0.3869539430962337,0.38922383045904907,0.30721967211956047,0.2954386396100313,0.21843264823284372,0.26609247538646297,0.2504481369344744,0.21919379
20,2024-01-15 14:10:00+00:00,0.5658197347695779,0.3618021069472941,0.375138856273806,0.30721967211956047,0.24803204324360606,0.20885264136706524,0.25428310608478855,0.2404928673453371,0.20160566
20,2024-01-15 14:11:00+00:00,0.5694041647712474,0.4056680595237255,0.4140580460470624,0.30721967211956047,0.23525848422888979,0.2136789398798229,0.28035697199836573,0.214587029000012,0.2502647
20,2024-01-15 14:12:00+00:00,0.5730190067268411,0.37185558417388664,0.38226606212632713,0.30721967211956047,0.27118974672491775,0.23171822820566182,0.3037083926461437,0.280240498144363,0.2504295
20,2024-01-15 14:13:00+00:00,0.5765635100134038,0.406642262730522,0.41468101304450666,0.30721967211956047,0.29463345630217874,0.2394795985715661,0.30728758134757195,0.2967626635838484,0.2563962
20,2024-01-15 14:14:00+00:00,0.5800350541355995,0.38117326505504284,0.3944737602251237,0.30721967211956047,0.2619708728578603,0.23433805732284138,0.2912222579772345,0.28443314138505305,0.27228653
20,2024-01-15 14:15:00+00:00,0.58361839559132,0.3777592298733477,0.3898060650662145,0.30721967211956047,0.24477892520333394,0.23740890516987648,0.31373427033167683,0.2839345999321969,0.27580488
20,2024-01-15 14:16:00+00:00,0.587295724249229,0.3870445384995765,0.3978534043138248,0.30721967211956047,0.28278557390180964,0.257966287858211,0.31278100410403825,0.3091813369402181,0.25920114
20,2024-01-15 14:17:00+00:00,0.5908188788472983,0.3990726848801694,0.4047909028577278,0.30721967211956047,0.3155927617034704,0.29441352101304863,0.3597449587109829,0.3665931210589342,0.34459856
20,2024-01-15 14:18:00+00:00,0.5943033057731867,0.40484369181356566,0.40975411659292715,0.30721967211956047,0.2758708190000685,0.2599319472785948,0.30542735570423324,0.3229205823574159,0.2915371
20,2024-01-15 14:19:00+00:00,0.5979628949076962,0.41537558998799323,0.4208485756628648,0.30721967211956047,0.271746682210018,0.2640222404299237,0.30725353684793694,0.29953962277531176,0.2948282
20,2024-01-15 14:20:00+00:00,0.6016093491071707,0.383186118199872,0.3945108702109065,0.30721967211956047,0.2798897071660876,0.26657493190852705,0.29865931112057115,0.3351893229605667,0.27048132
20,2024-01-15 14:21:00+00:00,0.6050423884829927,0.4721626050800905,0.47139907870929015,0.30721967211956047,0.32007704140498944,0.31723283916147593,0.338100786354382,0.3791606357881508,0.3482763
20,2024-01-15 14:22:00+00:00,0.6085783853142565,0.38057066499603703,0.3841576927822132,0.30721967211956047,0.3001507412865256,0.28724361216396943,0.30725353684793694,0.3387823591597091,0.3005879
20,2024-01-15 14:23:00+00:00,0.6122970976533887,0.47292517717704247,0.4681451195872989,0.30721967211956047,0.29908316980335115,0.30473275735268707,0.32005086935243726,0.3294385852839308,0.31148866
20,2024-01-15 14:24:00+00:00,0.6158285661159724,0.38190210329423696,0.39066819063423647,0.30721967211956047,0.3052011713324982,0.30612939966726366,0.3114566436250716,0.3543379396885718,0.2764379
20,2024-01-15 14:25:00+00:00,0.6192924351395462,0.4140359394642404,0.4286770445374784,0.30721967211956047,0.293632122962305,0.31618173710156866,0.32700967191705554,0.3557068796902527,0.29693317
20,2024-01-15 14:26:00+00:00,0.622920146368686,0.398096803113194,0.39924918791203334,0.30721967211956047,0.3008475048170876,0.31338262338918194,0.30725353684793694,0.34348433562135133,0.30430079
20,2024-01-15 14:27:00+00:00,0.6265317634135918,0.4105963281588419,0.42485128945830714,0.30721967211956047,0.28915754558969187,0.32886320084000575,0.2999836715995379,0.33438334302838907,0.30117124
20,2024-01-15 14:28:00+00:00,0.6299957603920068,0.39450387802604553,0.39383000150241876,0.30721967211956047,0.3186496938413065,0.3215848952306177,0.31361922204491616,0.3704266088942782,0.32201496
20,2024-01-15 14:29:00+00:00,0.6335568384983734,0.4431545284460339,0.44649704074431806,0.30721967211956047,0.3284261374239839,0.3295730848901912,0.34262554825283503,0.37903135091202506,0.31582832
20,2024-01-15 14:30:00+00:00,0.637202194842443,0.39618333228052155,0.3996697396203666,0.30721967211956047,0.32752286941853426,0.3313825852858975,0.3212339900209689,0.3564765874917096,0.33655578
20,2024-01-15 14:31:00+00:00,0.6407942568066851,0.40059586560382915,0.41006514685333845,0.30721967211956047,0.35747638193819287,0.36210492404898104,0.35445397375721616,0.35694315614749056,0.34787
20,2024-01-15 14:32:00+00:00,0.6443005192971087,0.39329797424960017,0.409293888780203,0.30721967211956047,0.3700111259681904,0.35893419808342925,0.35126511787498244,0.39438929558907226,0.33705544
20,2024-01-15 14:33:00+00:00,0.6478781920065121,0.4116635032707286,0.41618845700228446,0.3291258292383565,0.35219693751969083,0.3687134864504883,0.3401343303047491,0.39301131259195116,0.33234015
20,2024-01-15 14:34:00+00:00,0.6514795644481739,0.4137649714412866,0.4213610272350382,0.3291258292383565,0.35319129958920714,0.3667372533674064,0.3507808488363829,0.37832718506213886,0.34710887
20,2024-01-15 14:35:00+00:00,0.6550922316227094,0.43804684689039647,0.4404009433178941,0.3291258292383565,0.3768557932654861,0.3902883467317477,0.3513664526525259,0.3763215506264527,0.33977732
20,2024-01-15 14:36:00+00:00,0.658630072782557,0.4158947273409051,0.4276635826049533,0.3291258292383565,0.38696142285638435,0.3832339963989735,0.38672633218804026,0.40885379868458577,0.34216246
20,2024-01-15 14:37:00+00:00,0.6621121823510294,0.35874485772163256,0.3737837620809742,0.3291258292383565,0.3752431329654112,0.38616189824161234,0.3818385053813912,0.4120570453901102,0.36642444
20,2024-01-15 14:38:00+00:00,0.6656824406670421,0.43583854121680204,0.4340920633516669,0.3291258292383565,0.378364630051917,0.40562973718268175,0.41746567785987304,0.37674639563135864,0.404875
20,2024-01-15 14:39:00+00:00,0.6692774924854908,0.18728587673033342,0.2374671585998303,0.7402746206630971,0.4981088162785149,0.5264541811064491,0.5666981010984088,0.5991064313064037,0.48752728
20,2024-01-15 14:40:00+00:00,0.6728739585089937,0.3490978244105123,0.3349569643283908,0.8044256130374242,0.643854592764404,0.6345853798789598,0.688879588295283,0.5840119953392032,0.6317748
20,2024-01-15 14:41:00+00:00,0.6764394588484604,0.3652850590429648,0.36813061266583813,0.8044256130374242,0.6270884796374678,0.6414431535471486,0.688879588295283,0.5739721859970699,0.62283766
20,2024-01-15 14:42:00+00:00,0.6800152944150052,0.3713574269038298,0.38678292206315523,0.8044256130374242,0.6207690517349433,0.6449564864024931,0.6792883923221155,0.5657733757095722,0.6190018
20,2024-01-15 14:43:00+00:00,0.6835911580569262,0.3701687720424478,0.39586376606236995,0.8044256130374242,0.6223545706967724,0.6430623721373303,0.6792883923221155,0.5316480498170589,0.58079153
20,2024-01-15 14:44:00+00:00,0.6871530007671692,0.23758510593711396,0.16694554076964413,0.5249628748615524,0.5432576294389817,0.48752118161197633,0.5063504093368768,0.5723018600756604,0.4929213
20,2024-01-15 14:45:00+00:00,0.6909047951939669,-0.026639282452926683,0.08030744692222846,0.027505789944354635,0.318198174140928,0.38897752711690115,0.3344894735406228,0.3914360184853626,0.40714005
20,2024-01-15 14:46:00+00:00,0.6941838701264678,0.23254927591615676,0.25322988941646085,0.027505789944354635,0.2323971132900976,0.3577856681411866,0.23963565596142128,0.3816752421746665,0.3298768
20,2024-01-15 14:47:00+00:00,0.6978823522337861,0.16045906578902575,0.1638695889583347,0.027505789944354635,0.14697178681647707,0.3342251031390086,0.18174147871178598,0.24958435277052138,0.16093954
20,2024-01-15 14:48:00+00:00,0.7013516551125366,0.29114368912484645,0.27371701325459197,0.027505789944354635,0.25199700481598236,0.3844997637749861,0.1836562708625269,0.35004001708878013,0.26800588
20,2024-01-15 14:49:00+00:00,0.7051346223223126,0.1504697875344228,0.15216975535073268,0.22395475173419743,0.23638159762309446,0.1726938063452955,0.2635563415852126,0.19052006094401272,0.12486977
20,2024-01-15 14:50:00+00:00,0.7085210255596539,0.23293272767267875,0.23622703930233635,0.16152139898712364,0.13116908354670276,0.11143827195164072,0.19445409414661996,0.14205327634341985,0.120651536
20,2024-01-15 14:51:00+00:00,0.7120958798763947,0.30093048056241933,0.3444158712251719,0.16152139898712364,0.1356550015600323,0.11877151593560098,0.16049977343776275,0.14921092782321063,0.10289673
20,2024-01-15 14:52:00+00:00,0.7157484919278779,0.2743908519915661,0.26668474084408145,0.3922903269697122,0.3022668584038269,0.13674785725189906,0.2600582190985041,0.1421967718813373,0.14947382
20,2024-01-15 14:53:00+00:00,0.7192602594346592,0.39370810976311216,0.41656308959940214,0.16152139898712364,0.20474257675656338,0.13878104824028126,0.2572179091613929,0.15749108778303617,0.17861174
20,2024-01-15 14:54:00+00:00,0.7229277897296192,0.21726660651961055,0.2212833827476246,0.3922903269697122,0.28428957940916505,0.13655590780426788,0.2527514768710167,0.21562358563386314,0.13255824
20,2024-01-15 14:55:00+00:00,0.7263502075309393,0.22644587625308926,0.234570300075449,0.16152139898712364,0.1654439651507124,0.12138380653284439,0.17784414771596174,0.19996857346836616,0.16672611
20,2024-01-15 14:56:00+00:00,0.7298718513591469,0.28585711151696147,0.2814960733700649,0.16152139898712364,0.1478275127985455,0.12326566482207132,0.13837243678033645,0.12186592671328765,0.15373498
20,2024-01-15 14:57:00+00:00,0.7335439755730561,0.2802112595725679,0.2829641340499195,0.16152139898712364,0.17535746108549857,0.13870091192355685,0.1405487529885831,0.20178720072656586,0.15055299
20,2024-01-15 14:58:00+00:00,0.7372268334849643,0.24810708585796487,0.2522653228823747,0.16152139898712364,0.18460065419553573,0.11630407124856323,0.13639585403753768,0.14598381785549913,0.12228714
20,2024-01-15 14:59:00+00:00,0.7406674858499503,0.25816183869048936,0.260475474116925,0.16152139898712364,0.23741788302940278,0.16245526153287357,0.19207888487005628,0.21036073114346795,0.18286496
20,2024-01-15 15:00:00+00:00,0.7441675677292674,0.24667426409552512,0.25635101811737127,0.16152139898712364,0.15308600071374326,0.1234018853350908,0.1961935772486265,0.1137267104225796,0.12674876
20,2024-01-15 15:01:00+00:00,0.7477781817314216,0.2400115490933588,0.25871244236457214,0.16152139898712364,0.21475010774112083,0.17069227631191897,0.21302339717730107,0.22527081064577192,0.19271354
20,2024-01-15 15:02:00+00:00,0.7514745987203988,0.2972332950841241,0.2974355063555264,0.16152139898712364,0.1405583852577588,0.13013655643703376,0.1961935772486265,0.16023746771720365,0.13308397
20,2024-01-15 15:03:00+00:00,0.755033558299431,0.26637903247143013,0.27952433027879764,0.16152139898712364,0.15835435180626448,0.14748831697074352,0.16628083684687417,0.1339723751667473,0.1536759
20,2024-01-15 15:04:00+00:00,0.7584751952724034,0.30295575669019703,0.3151284224674101,0.16152139898712364,0.14021862012114097,0.14995432285548665,0.20296162183228844,0.12014804171391583,0.13672344
20,2024-01-15 15:05:00+00:00,0.762035114668543,0.2641806173137504,0.2735247469457177,0.16152139898712364,0.26093129408350313,0.18287745200146158,0.24453795144908447,0.21345401097674865,0.21008214
20,2024-01-15 15:06:00+00:00,0.7657757198213568,0.2975617050194388,0.29724311987799945,0.16152139898712364,0.1778405762191266,0.15195685929654268,0.1961935772486265,0.12874416376379513,0.1490979
20,2024-01-15 15:07:00+00:00,0.7692343979397712,0.3219366758037583,0.32817147282553494,0.16152139898712364,0.1877154659030702,0.1506602899935017,0.23219728852120713,0.14011586125492195,0.17432186
20,2024-01-15 15:08:00+00:00,0.772716571366229,0.34206062421164196,0.3433396025457626,0.16152139898712364,0.15726611870600316,0.16909245169384662,0.20266368964685086,0.1524175596776036,0.1661993
20,2024-01-15 15:09:00+00:00,0.7764267687207504,0.3528506781282936,0.3480214210809537,0.16152139898712364,0.20109367379077064,0.16572603880835993,0.21373216376790072,0.17530016687996813,0.16224769
20,2024-01-15 15:10:00+00:00,0.7799648686628521,0.3407820158622168,0.3565969611768806,0.16152139898712364,0.2299674734031257,0.20543746347617717,0.2763840226863427,0.23412876862897936,0.21455854
20,2024-01-15 15:11:00+00:00,0.7834099855098331,0.3603202745215195,0.3694215117299543,0.16152139898712364,0.15677614679869728,0.15659824494926708,0.20017964685389006,0.13285599937681394,0.16373077
20,2024-01-15 15:12:00+00:00,0.7871248951727748,0.3105478473812009,0.3257193730056994,0.16152139898712364,0.2111195706108147,0.18557331893041643,0.2051379380405351,0.22469418519226694,0.16731218
20,2024-01-15 15:13:00+00:00,0.7906819776743135,0.34628278819582325,0.3565490854203157,0.16152139898712364,0.27444248183146913,0.2074444070309702,0.26778979695897703,0.2303053509356983,0.21658447
20,2024-01-15 15:14:00+00:00,0.7940837263375011,0.3637189665863496,0.3690692005499415,0.16152139898712364,0.14890120614735683,0.1549370978137089,0.1922621864937591,0.1312443998932585,0.14052013
20,2024-01-15 15:15:00+00:00,0.7978108780022649,0.3237028769796484,0.33548932633694456,0.16152139898712364,0.2375216327470865,0.1910110736478449,0.2440304913989224,0.23434667228626643,0.186999
20,2024-01-15 15:16:00+00:00,0.8013485254764288,0.38100417113580104,0.38200187917380257,0.16152139898712364,0.22590486210678917,0.22177641312456955,0.27258125879984024,0.24874505896119223,0.2182122
20,2024-01-15 15:17:00+00:00,0.804822953496075,0.3397267189256463,0.348087017052097,0.16152139898712364,0.1655463994876506,0.16368700972106925,0.2160947192154491,0.15214080072263883,0.16208269
20,2024-01-15 15:18:00+00:00,0.8084845135415516,0.28570797341244303,0.2967063111633855,0.16152139898712364,0.2144056023044855,0.22429036983443743,0.23594372572171876,0.23620407077605862,0.20872648
20,2024-01-15 15:19:00+00:00,0.8121382597459462,0.30683964942021236,0.3231744756660264,0.16152139898712364,0.1685739449259759,0.16625773422450613,0.1961935772486265,0.16983101785430646,0.13760275
20,2024-01-15 15:20:00+00:00,0.8156251578140922,0.33245646652260286,0.33589532007963063,0.16152139898712364,0.20414441154635998,0.19100384196039882,0.2214267465855948,0.16513675020745686,0.17416394
20,2024-01-15 15:21:00+00:00,0.8191130434879914,0.3355368264871994,0.34187287612578887,0.16152139898712364,0.16861853564841292,0.1729027108373925,0.20648890578885562,0.16974806264912798,0.16558738
20,2024-01-15 15:22:00+00:00,0.822689498407833,0.3127785597218833,0.31885705679233367,0.16152139898712364,0.2219271972403133,0.22219549774951677,0.25960929824637685,0.25539680033381845,0.21680419
20,2024-01-15 15:23:00+00:00,0.8263783398409953,0.31734779003646585,0.3286320202248981,0.16152139898712364,0.17542286069010055,0.18570852806889823,0.21957183867336255,0.19287248088147055,0.16524754
20,2024-01-15 15:24:00+00:00,0.8300466583437197,0.30966114746666884,0.3254051849077428,0.16152139898712364,0.18154300510937185,0.1835587246310684,0.21309110518962265,0.19482327247272355,0.17336974
20,2024-01-15 15:25:00+00:00,0.8335632471293882,0.35455063728822056,0.35695620744351364,0.16152139898712364,0.2266345690260577,0.20350984571984915,0.2596845904536416,0.2479641271846745,0.21767598
20,2024-01-15 15:26:00+00:00,0.8370203447085672,0.28553874119724165,0.29390808389838474,0.16152139898712364,0.2529389589933863,0.22808245713749864,0.2791290304463669,0.2628288041788901,0.22634566
20,2024-01-15 15:27:00+00:00,0.8404599021146011,0.411232800683012,0.42020376122815395,0.16152139898712364,0.2642392908557383,0.2675514536694716,0.29761722036443833,0.30459569911923934,0.25889996
20,2024-01-15 15:28:00+00:00,0.8442224271563425,0.39116226898956313,0.39218882839328933,0.30721967211956047,0.4008235271418533,0.3180765220418918,0.3870467775283011,0.4214749955384877,0.3651658
20,2024-01-15 15:29:00+00:00,0.8476756348496557,0.35536816185183406,0.3634489614784684,0.22395475173419743,0.19131063278669722,0.2168610712031834,0.2595024592756585,0.24442122637123478,0.21458739
20,2024-01-15 15:30:00+00:00,0.8513088614890221,0.27959741267271143,0.2884533894317328,0.3922903269697122,0.3550225741801626,0.28922047643017446,0.33830961774821533,0.39598707105487235,0.31951037
20,2024-01-15 15:31:00+00:00,0.8548470310105615,0.31466500791146457,0.31992419786436677,0.22395475173419743,0.18970330060070065,0.2113354485525987,0.25708095749504745,0.23426737712190093,0.21291912
20,2024-01-15 15:32:00+00:00,0.8583643754487665,0.26374074192662134,0.27466214698848657,0.3922903269697122,0.3622163287957804,0.29870187397336084,0.32973754979106695,0.3851222839188213,0.3051059
20,2024-01-15 15:33:00+00:00,0.8619765768099058,0.2773470457622049,0.28556563027940035,0.16152139898712364,0.27421942638360286,0.242367001032564,0.3172535409921933,0.27081558495490926,0.2640541
20,2024-01-15 15:34:00+00:00,0.8655344406766398,0.3450467608720875,0.3579772429070003,0.3922903269697122,0.29269500856464353,0.2891291826606208,0.3110325205222663,0.3553255246225893,0.30215615
20,2024-01-15 15:35:00+00:00,0.8691760429225645,0.2549362328101572,0.26868069494066416,0.3922903269697122,0.37367322731865765,0.29997639716184776,0.3143192519177925,0.34874835475853766,0.28884277
20,2024-01-15 15:36:00+00:00,0.8725492531769292,0.4070161826645476,0.4050924735789563,0.30721967211956047,0.23234854335742228,0.261650605580092,0.29059644458892453,0.2570112776711605,0.25204194
20,2024-01-15 15:37:00+00:00,0.8764319179760048,0.3712298100883271,0.37681810067367716,0.30721967211956047,0.40962228204267365,0.32606649032573365,0.37616861738089624,0.40068611798300774,0.3430858
20,2024-01-15 15:38:00+00:00,0.8793143043672471,0.485585525324114,0.4088671914344974,0.7402746206630971,0.5324314418947762,0.5796363762443929,0.5540133071576537,0.5746722390252634,0.55851734
20,2024-01-15 15:39:00+00:00,0.8834120072875689,0.32771744050138674,0.33471833150812913,0.8044256130374242,0.6158213075365147,0.6587843838293711,0.688879588295283,0.5638537163911913,0.631905
20,2024-01-15 15:40:00+00:00,0.8869754507107752,0.32442371960237404,0.349688135968698,0.8044256130374242,0.6179071937017543,0.6703759096472924,0.6792883923221155,0.5670800066891993,0.61466086
20,2024-01-15 15:41:00+00:00,0.8905440493743548,0.34254089766907514,0.36932085207046117,0.8044256130374242,0.6162458524846213,0.6658789828194968,0.6792883923221155,0.5456191683713799,0.58291477
20,2024-01-15 15:42:00+00:00,0.8941224158512934,0.39556265440093036,0.4040911110381276,0.8044256130374242,0.5284018534302927,0.6524047228829383,0.6792883923221155,0.4709771134883841,0.55947304
20,2024-01-15 15:43:00+00:00,0.8976946604934255,0.4212790082174967,0.4254887831986907,0.8044256130374242,0.47809382035277576,0.6126509490555447,0.6792883923221155,0.4287982958224352,0.53352356
20,2024-01-15 15:44:00+00:00,0.9012608353064256,0.3958218349559393,0.408878593347135,0.8044256130374242,0.47893411405804454,0.5698688468888853,0.6792883923221155,0.4230133753148098,0.52175575
20,2024-01-15 15:45:00+00:00,0.9048265991224992,0.4240719854136122,0.4312214423230715,0.8044256130374242,0.46580777640983445,0.48644860629022474,0.6736204758959651,0.4436526949243902,0.48401886
20,2024-01-15 15:46:00+00:00,0.908389921086419,0.35447038397196495,0.3802519752239735,0.8044256130374242,0.4585823002791933,0.4498118898010779,0.6301211027186403,0.4471115363457284,0.47758552
20,2024-01-15 15:47:00+00:00,0.9119581518397458,0.4297795706532957,0.4350175419457166,0.7809063648096399,0.4004793129069265,0.3648320144173845,0.5889504397523667,0.2577742371332319,0.36271533
20,2024-01-15 15:48:00+00:00,0.9155238422279125,0.2860255393901956,0.3577047098211632,0.015390160813376578,0.18403317025111304,0.3027298192524477,0.36834774924368935,0.11318090124323915,0.13570592
20,2024-01-15 15:49:00+00:00,0.9190892068145851,0.3121694154553585,0.35224008674351187,0.015390160813376578,0.1675909788960567,0.2641617091017528,0.33810580273179863,0.013949830397466507,0.05277827
20,2024-01-15 15:50:00+00:00,0.9226664994359703,0.5092644680914451,0.520165862259839,0.015390160813376578,0.22887922284945095,0.28196628122478373,0.3472428869576457,0.20860112123763355,0.074774764
20,2024-01-15 15:51:00+00:00,0.9262428001092958,0.49185970476808244,0.5115509321100429,0.015390160813376578,0.280631152528568,0.36439749849597813,0.43218462311764616,0.2749257739577017,0.22785513
20,2024-01-15 15:52:00+00:00,0.9298066562442077,0.48946567014118664,0.5065901361689119,0.015390160813376578,0.33331235632402745,0.4258008564269557,0.33628443663328184,0.2941945199410207,0.21790878
20,2024-01-15 15:53:00+00:00,0.9333722715432026,0.4685440815514928,0.49326669391927025,0.015390160813376578,0.3417158654342791,0.4586611257812486,0.36252248415823507,0.26152491880001544,0.17052771
20,2024-01-15 15:54:00+00:00,0.9369383873813002,0.44286502123991106,0.4752839973628919,0.015390160813376578,0.3190852563619611,0.470457622586725,0.3040352672390039,0.36149293168495444,0.21104605
20,2024-01-15 15:55:00+00:00,0.9405018599859967,0.509863046690342,0.5089598280095836,0.007699291567741488,0.1792153959818559,0.5340605300896837,0.20495234968155096,0.005979547859691436,0.07842293
20,2024-01-15 15:56:00+00:00,0.9440669725167288,0.4867252907304978,0.49472998150171527,0.007699291567741488,0.06675378455509284,0.5488607038965798,0.3283252765272122,0.026456280553881405,0.18208925
20,2024-01-15 15:57:00+00:00,0.947645821168982,0.48310690492461866,0.4950928874773209,0.007699291567741488,0.07019522123786646,0.5482490929475873,0.2876942417935224,0.02024128571617572,0.18088964
20,2024-01-15 15:58:00+00:00,0.9512217162637073,0.444094038985782,0.47259151804973354,0.007699291567741488,0.06980517919521266,0.5546049927686165,0.3283252765272122,0.0252513547012903,0.19276455
20,2024-01-15 15:59:00+00:00,0.9547873622559707,0.480925374251378,0.48769789047732387,0.007699291567741488,0.03944181296657513,0.5158445084394088,0.30298645522195033,-0.00787675228507697,0.111051515
20,2024-01-15 16:00:00+00:00,0.9583532583087271,0.4474044767263981,0.4655894394527622,0.007699291567741488,0.03673827902617226,0.4866238304265397,0.2956548342126196,-0.010278849363298044,0.074188225
20,2024-01-15 16:01:00+00:00,0.961919050200177,0.4224861789471324,0.4509251078616789,0.007699291567741488,0.047474368930976646,0.48011927883253286,0.2623554204882605,0.016369529770568957,0.11300178
20,2024-01-15 16:02:00+00:00,0.9654845631652565,0.4311017664727435,0.45903953931206337,0.007699291567741488,0.047474368930976646,0.4630749497276369,0.30298645522195033,0.015322759969609658,0.10446947
20,2024-01-15 16:03:00+00:00,0.9690517079856902,0.43171337206894883,0.45883384220088774,0.007699291567741488,0.04259327889622126,0.40668949994923687,0.2623554204882605,-0.01207256145978244,0.080442615
20,2024-01-15 16:04:00+00:00,0.972615997932698,0.43052226710335667,0.4539335185553166,0.007699291567741488,0.04739503619884427,0.4110034889324364,0.2623554204882605,0.031824134442748904,0.09721162
20,2024-01-15 16:05:00+00:00,0.976190248264783,0.42705204721404094,0.44714292808778094,0.007699291567741488,0.04659389915894504,0.38130635748508857,0.25245565601727055,0.015444827729493852,0.09433304
20,2024-01-15 16:06:00+00:00,0.9797687914056248,0.40509578017295006,0.4356649869048109,0.007699291567741488,0.04659389915894504,0.350994451782545,0.25245565601727055,0.05757143981714593,0.09165798
20,2024-01-15 16:07:00+00:00,0.9833329813500722,0.4657882520571595,0.4711882071640233,0.007699291567741488,0.046476881005780776,0.3217204428658285,0.28671013036417503,0.010609970041448171,0.093375176
20,2024-01-15 16:08:00+00:00,0.9869024649824726,0.4349991399625784,0.44542331898342097,0.007699291567741488,0.045385290682898316,0.30882517578400265,0.14291512307993604,-0.005458559853797895,0.09312573
20,2024-01-15 16:09:00+00:00,0.9904651086988341,0.44084513536475406,0.4514878609725308,0.007699291567741488,0.04631377307485587,0.29703188440595585,0.28671013036417503,0.059744627221189124,0.095621675
20,2024-01-15 16:10:00+00:00,0.994030844605658,0.4125445399596122,0.44181458533351503,0.007699291567741488,0.04631377307485587,0.29016305183903557,0.2460790956304852,0.04812373751363187,0.09387795
20,2024-01-15 16:11:00+00:00,0.9975938621084746,0.4219894579882327,0.44839716977890515,0.007699291567741488,0.04631377307485587,0.28996739170465946,0.2460790956304852,0.018231772893157226,0.090564646
20,2024-01-15 16:12:00+00:00,0.9996412558974987,0.3943926116309418,0.42276534576493524,0.007699291567741488,0.04631377307485587,0.29040253902603536,0.28671013036417503,0.06288438842476692,0.095621675
21,2024-01-17 08:16:00+00:00,0.00029682471035474535,0.5533032211664453,0.6133277804286493,0.0018819165558397288,0.04598273393597603,0.25805772090831147,0.3077524508833064,0.0024081582342191116,0.084278926
21,2024-01-17 08:17:00+00:00,0.0021864493351880896,0.39751647806331697,0.4223151707295506,0.007699291567741488,0.04606174462787311,0.3486811704282777,0.3144858374512146,0.042216695622518924,0.0886108
21,2024-01-17 08:18:00+00:00,0.0038839742477559985,0.405392829639276,0.4271063905291304,0.007699291567741488,0.047127952473858266,0.3735071243144778,0.28671013036417503,0.06380909046584206,0.09769424
21,2024-01-17 08:19:00+00:00,0.006192665485959455,0.07968610993438624,0.17916954142416402,0.007699291567741488,0.027696029891168063,0.1469943487800235,0.09190053815824394,-0.03908655122686324,-0.020413201
21,2024-01-17 08:20:00+00:00,0.00840122239866492,0.0476578046864114,0.11566643121646947,0.22708815275047156,0.11020475467390524,0.0860700273822539,0.2925663535963678,0.044050070291296,-0.033406496
21,2024-01-17 08:21:00+00:00,0.010630615896729952,-0.14860948089925108,-0.09846726840630982,0.22708815275047156,0.17235742553877637,0.1367339755320079,0.3750188570960769,0.15370668230294052,0.18877175
21,2024-01-17 08:22:00+00:00,0.01297935123205501,0.011613592276992046,0.11454183984213984,0.027505789944354635,0.15715300610568866,0.15975184101116285,0.16584107313602642,0.06452143561116393,0.0949888
21,2024-01-17 08:23:00+00:00,0.015154849828372646,0.16340423508215857,0.1524356347136699,0.027505789944354635,0.05269956315579481,0.06455412141746975,0.20381670389371376,0.14382117900887392,0.100678615
21,2024-01-17 08:24:00+00:00,0.017323229583283105,0.1607105184561513,0.13507161482710334,0.027505789944354635,0.09586604716369465,0.0967430494399625,0.2360749074937578,0.1507451846658182,0.10365449
21,2024-01-17 08:25:00+00:00,0.019720191240450366,0.14022548399441664,0.12436818922738818,0.027505789944354635,0.05940155843945725,0.06570635180302566,0.2420177743399849,0.08874670311883218,0.10932015
21,2024-01-17 08:26:00+00:00,0.022345051663121666,0.05430837701884844,0.0768242005610495,0.6729527732043515,0.3587867070339652,0.2576323565973691,0.4103578678130444,0.26760385392655645,0.26587325
21,2024-01-17 08:27:00+00:00,0.024236385041826767,0.20044017468279002,0.2576607736424059,0.05785340524255025,0.29636597928569475,0.1950352568844363,0.3400295771400174,0.2915075013721,0.26114345
21,2024-01-17 08:28:00+00:00,0.0263985901922366,0.21971719962792818,0.21892157848182603,0.05785340524255025,0.3056443812939421,0.24700430436702775,0.339927147641052,0.2696208754280804,0.26310992
21,2024-01-17 08:29:00+00:00,0.028669239830827604,0.21435700942494634,0.22250454698251437,0.05785340524255025,0.31937400323379783,0.3329181289123276,0.4315237461357024,0.25600473282301545,0.29769278
21,2024-01-17 08:30:00+00:00,0.030926059418121772,0.2014368743851987,0.22184146441254787,0.30721967211956047,0.42134257330429187,0.367375617938022,0.4342054229953436,0.29965629004662764,0.32863793
21,2024-01-17 08:31:00+00:00,0.03319951981134072,0.28371695537043395,0.2908274192292948,0.30721967211956047,0.4366532046323739,0.4070279827633355,0.4396215911295888,0.3644497250472162,0.40274522
21,2024-01-17 08:32:00+00:00,0.03544440125949819,0.28620321416152494,0.30186516373398264,0.30721967211956047,0.49106236259276254,0.4188437587032186,0.4414477722732925,0.3709555991051211,0.40237227
21,2024-01-17 08:33:00+00:00,0.03770055373552314,0.28381649090392047,0.29529154326417395,0.30721967211956047,0.4778799003358271,0.43040754298078593,0.4396215911295888,0.3693026223876003,0.41179627
21,2024-01-17 08:34:00+00:00,0.03993708476821405,0.3381840524261688,0.3517424460739371,0.30721967211956047,0.5081325560556159,0.4692278264638452,0.4415351974420623,0.374747805715865,0.40766975
21,2024-01-17 08:35:00+00:00,0.042194372950969776,0.3518203221323333,0.3639460008883397,0.30721967211956047,0.5089840355160826,0.4845445719347182,0.4483032420257244,0.3634800037064121,0.39625025
21,2024-01-17 08:36:00+00:00,0.04442866880770379,0.3490532811744651,0.36552019632764987,0.30721967211956047,0.5350826615088689,0.4852745204680655,0.4693981208797829,0.38215388408820605,0.447223
21,2024-01-17 08:37:00+00:00,0.04670112730257054,0.35284687302785533,0.36281677180570737,0.30721967211956047,0.5343285451854161,0.500037797964008,0.4807190423152572,0.40521779601877383,0.46550763
21,2024-01-17 08:38:00+00:00,0.04895584569406349,0.3600629238982309,0.37841639344675104,0.30721967211956047,0.564716829583642,0.49395904432619386,0.5235138191259318,0.46441255585342256,0.51785
21,2024-01-17 08:39:00+00:00,0.05121978733529239,0.3706655150011491,0.3871477769825246,0.30721967211956047,0.5283519926316266,0.5060245215142185,0.5122485830947291,0.43750417058569074,0.4973152
21,2024-01-17 08:40:00+00:00,0.053478802194731535,0.3922355888987262,0.40886552331965953,0.30721967211956047,0.5726777931309225,0.5338577098524788,0.5328523515250913,0.5232136616034442,0.53318506
21,2024-01-17 08:41:00+00:00,0.055723086190901376,0.42139390569256113,0.4265536252188987,0.6729527732043515,0.5608689104398722,0.5057487206243608,0.5092978653421448,0.6216928047109038,0.56614375
21,2024-01-17 08:42:00+00:00,0.05797273838257179,0.40691233977059055,0.4197541186963281,0.30721967211956047,0.544807930440772,0.5115399384617191,0.4985302414208655,0.5674630691274074,0.5023768
21,2024-01-17 08:43:00+00:00,0.06021459983706431,0.39454932208326593,0.40914411421002844,0.6729527732043515,0.5357273579585282,0.5203426745219647,0.488704271918777,0.6364058018557333,0.5274029
21,2024-01-17 08:44:00+00:00,0.06248146011644201,0.40701504656581916,0.4217611393592478,0.6729527732043515,0.5445401624061514,0.5428718362308235,0.4947312384209595,0.638067224021018,0.5648011
21,2024-01-17 08:45:00+00:00,0.06473424446016772,0.40233416599115884,0.41892881960547607,0.6729527732043515,0.5595160203516705,0.5327156843086365,0.5077428707906316,0.6155872517693852,0.5591718
21,2024-01-17 08:46:00+00:00,0.06696513412233701,0.4017867013371688,0.4127070403852956,0.30721967211956047,0.4902958255944293,0.5001825422847679,0.4365442876175865,0.5133527232864145,0.47796053
21,2024-01-17 08:47:00+00:00,0.06923896955834091,0.3760355964652256,0.3957131142285738,0.6729527732043515,0.502825872524333,0.501244615597527,0.4358741702970663,0.6233381500281407,0.49240837
21,2024-01-17 08:48:00+00:00,0.07152472129783599,0.42187098173715004,0.43148712309079773,0.3291258292383565,0.44573269697047085,0.501407257619984,0.427174952856186,0.5601062540153977,0.47307506
21,2024-01-17 08:49:00+00:00,0.07375945088340781,0.41722199477621885,0.4238781532717297,0.3291258292383565,0.43871149408893395,0.4983370249725063,0.406916600440233,0.5477706412349369,0.48057437
21,2024-01-17 08:50:00+00:00,0.07604112828305201,0.4072942526713473,0.41431383531558,0.3291258292383565,0.44078400640172577,0.487228391541837,0.4268406630025468,0.5615697840580975,0.5066248
21,2024-01-17 08:51:00+00:00,0.0783063636692735,0.42659192289259457,0.42340972293718054,0.3291258292383565,0.4233973211547184,0.4964605095723382,0.43751874374069244,0.5201169657883868,0.45861304
21,2024-01-17 08:52:00+00:00,0.0805063786059321,0.4028435327979088,0.41189342035169163,0.3291258292383565,0.48656208672110995,0.551877237292651,0.5068789704871154,0.5677967410368515,0.5229895
21,2024-01-17 08:53:00+00:00,0.08276390703769879,0.40551860340204954,0.4191180587489665,0.3291258292383565,0.4843190707318565,0.537694192634081,0.517758867713178,0.5764184930551892,0.52416426
21,2024-01-17 08:54:00+00:00,0.08499409006538917,0.39643512734042835,0.41494359368005856,0.3291258292383565,0.4625461922858879,0.5544797786951995,0.5068789704871154,0.5383058921080742,0.5244202
21,2024-01-17 08:55:00+00:00,0.08727181537647492,0.4428595911992353,0.45218925145115296,0.3291258292383565,0.4817727800907835,0.5652871042729719,0.6322544024816209,0.6528371384596029,0.5194782
21,2024-01-17 08:56:00+00:00,0.08949599364872471,0.4671870346811105,0.46588873387090446,0.3291258292383565,0.5029913503447443,0.597452893669331,0.5191059817717029,0.5565174634236077,0.51968735
21,2024-01-17 08:57:00+00:00,0.0917851373443533,0.43132742216832926,0.43826746885270385,0.3291258292383565,0.4854485547483599,0.5708947181543302,0.5360951479313688,0.545494765638302,0.52320313
21,2024-01-17 08:58:00+00:00,0.09400741266036694,0.453470717804402,0.4619891690464859,0.3291258292383565,0.5226832910174245,0.5995437773176234,0.5343739279002744,0.554040577029554,0.5306296
21,2024-01-17 08:59:00+00:00,0.09628097011381496,0.471797711844463,0.48632388744209254,0.3291258292383565,0.5467974594201709,0.6234626422362498,0.6475901569337218,0.6289770510567451,0.53668994
21,2024-01-17 09:00:00+00:00,0.0985425621787622,0.4870467813570794,0.4934854340952718,0.4431920848334827,0.5676046106067423,0.639156576128822,0.685878729764799,0.6199395974769061,0.5708541
21,2024-01-17 09:01:00+00:00,0.10083721889491762,0.4591991123808526,0.4771239816031194,0.4431920848334827,0.6066263620551392,0.6481843391788457,0.7495966993291894,0.7197273708799368,0.6819861
21,2024-01-17 09:02:00+00:00,0.10309402789137816,0.47449877297611837,0.48318438860733237,0.4431920848334827,0.6234437389812927,0.6477877258655539,0.7330136299876793,0.6528482263237044,0.62337345
21,2024-01-17 09:03:00+00:00,0.10535180104359465,0.4810712198320806,0.490763450623524,0.4431920848334827,0.6256915039868264,0.6440803706826453,0.6895735550516016,0.6601266430487438,0.60183555
21,2024-01-17 09:04:00+00:00,0.10759652690941626,0.5202449577023649,0.5197952942350995,0.4431920848334827,0.6635117214342041,0.6658155908441469,0.7772700495439285,0.7468148478108264,0.7005266
21,2024-01-17 09:05:00+00:00,0.10985014765950317,0.5310355613127267,0.5407500491264541,0.4431920848334827,0.6950307854846255,0.6852495162307183,0.771492620716597,0.8015276865647522,0.7069193
21,2024-01-17 09:06:00+00:00,0.11210788249272728,0.5403141960541107,0.5452487824156447,0.4431920848334827,0.6702010561731777,0.6639034088345115,0.7743225057645327,0.7426960549154356,0.72790295
21,2024-01-17 09:07:00+00:00,0.11433382249032917,0.5679446648835813,0.5730012963346021,0.4431920848334827,0.7320360972364188,0.7229951061941177,0.7880998966299834,0.7945939131659849,0.73669004
21,2024-01-17 09:08:00+00:00,0.1165459723570091,0.5308231701499877,0.5481718239795472,0.4431920848334827,0.7069529456374269,0.7279023910973105,0.799020804179512,0.7879236879218989,0.71442527
21,2024-01-17 09:09:00+00:00,0.11886688354551841,0.5192147868744574,0.5365852896772401,0.4431920848334827,0.6905783798267687,0.7051725267693711,0.7900056271259349,0.7827116163340639,0.7439239
21,2024-01-17 09:10:00+00:00,0.12109424629585473,0.5327353622454902,0.544332988843852,0.4431920848334827,0.682276134052943,0.7102687208672419,0.8035288947248973,0.7708355679139574,0.74546814
21,2024-01-17 09:11:00+00:00,0.12332222661205021,0.5759192085077824,0.5786865960512533,0.4431920848334827,0.7209635562369251,0.7498762099941426,0.8369222341303076,0.822542072694721,0.82690984
21,2024-01-17 09:12:00+00:00,0.12556226802627196,0.5917671651333625,0.5926689581192632,0.4431920848334827,0.7255654306253343,0.7615845382874992,0.8083368203300668,0.8260654377369925,0.8068746
21,2024-01-17 09:13:00+00:00,0.12781356781151376,0.5561363287820007,0.5655571344719583,0.4431920848334827,0.7110025800693006,0.7530761099082572,0.8151398910369158,0.819532576472577,0.78736115
21,2024-01-17 09:14:00+00:00,0.130088994967441,0.549416506358912,0.5611382250281006,0.4431920848334827,0.7245441805755206,0.769849166940907,0.8628384709101139,0.8375587342920602,0.8125297
21,2024-01-17 09:15:00+00:00,0.1323415408690821,0.5529775412849531,0.5687190612567719,0.4431920848334827,0.7236966188300894,0.7746762743516256,0.8413445814770358,0.8650941456931203,0.82477415
21,2024-01-17 09:16:00+00:00,0.13460084886608734,0.5899266999612998,0.5949048884631628,0.5740451232991894,0.7480425742157609,0.777744285439486,0.8537167504506303,0.8618533597382596,0.83202904
21,2024-01-17 09:17:00+00:00,0.1368598780773824,0.6018968508154372,0.6071777965123669,0.5740451232991894,0.7755107736121903,0.7875085098801781,0.8760695811996464,0.8601478431403544,0.854891
21,2024-01-17 09:18:00+00:00,0.13909041909528105,0.5724717874434568,0.5825277712021161,0.5740451232991894,0.7758724797390714,0.794402763234472,0.8778957623433499,0.8588232299195825,0.85349745
21,2024-01-17 09:19:00+00:00,0.141341915155807,0.6239634081450713,0.6257515341041318,0.5740451232991894,0.7741036322840078,0.8062403974942788,0.8763786699555445,0.8653898347158495,0.86288816
21,2024-01-17 09:20:00+00:00,0.1436106251185491,0.614546429020074,0.6210469944470113,0.5740451232991894,0.7772002232562396,0.8116915187807131,0.8778957623433499,0.8699137307536232,0.86658657
21,2024-01-17 09:21:00+00:00,0.1458331244518071,0.6201759223100973,0.6285978401240448,0.5740451232991894,0.8083025719913278,0.8233850761326886,0.8733140024476511,0.871639237201976,0.8678201
21,2024-01-17 09:22:00+00:00,0.148107330004963,0.6346181217176636,0.6348308680840433,0.5740451232991894,0.8090301921680815,0.8266577657343485,0.8733140024476511,0.8788379667221452,0.8704167
21,2024-01-17 09:23:00+00:00,0.15038237503727286,0.6546860691681422,0.6551193912158982,0.5740451232991894,0.820826787589176,0.8404005038376585,0.8781054642885142,0.8909150995334221,0.86894804
21,2024-01-17 09:24:00+00:00,0.15263968776366874,0.6847835562230871,0.6839042548563259,0.5740451232991894,0.8290393370249141,0.8385986094931364,0.8784854618099247,0.8758509640143819,0.86940295
21,2024-01-17 09:25:00+00:00,0.1549078644898553,0.6847396729013457,0.6926938407665162,0.5740451232991894,0.821013829766579,0.8410181861978537,0.8785915363171963,0.8904123479959525,0.9049526
21,2024-01-17 09:26:00+00:00,0.15714681707374037,0.6765686946165648,0.6819264483220808,0.7809063648096399,0.8284445032897224,0.8465578167286212,0.8956423921985213,0.9036497898262806,0.89939857
21,2024-01-17 09:27:00+00:00,0.15938489734373915,0.6851407154630018,0.6911954762320387,0.7809063648096399,0.8304816710656194,0.844220482454158,0.8938162110548176,0.9131368750952312,0.8961703
21,2024-01-17 09:28:00+00:00,0.16170022458607514,0.655076465798794,0.6754367800089828,0.7809063648096399,0.8363722800697737,0.8409977972433157,0.9043240430946569,0.9082597369938064,0.9181427
21,2024-01-17 09:29:00+00:00,0.16394499746670646,0.7325520729046118,0.7301147273688103,0.7809063648096399,0.8467348053015673,0.8445764074515056,0.8957298173672914,0.9185841963055292,0.92120075
21,2024-01-17 09:30:00+00:00,0.16614366892355137,0.7493034449993794,0.7523507809272905,0.7809063648096399,0.858436356648686,0.8616699687034918,0.8858801683192301,0.9162844322313098,0.92941695
21,2024-01-17 09:31:00+00:00,0.1677394751315192,0.81020855557234,0.7520507201730455,0.7592560507390452,0.8188968484899332,0.8159814006535345,0.7610542318952616,0.8223926933196934,0.8377848
21,2024-01-17 09:32:00+00:00,0.1706633205692362,0.7236525460232959,0.6472760322902149,0.7592560507390452,0.7479918855813921,0.736069616902167,0.8348019929185645,0.7515303619520122,0.7934257
21,2024-01-17 09:33:00+00:00,0.172911967372005,0.7393527670038229,0.691065611117878,0.7592560507390452,0.7576658832480635,0.7247446017017379,0.8348019929185645,0.7769274530469112,0.79715466
21,2024-01-17 09:34:00+00:00,0.17516087457737367,0.7562817929472136,0.7226028296311205,0.7592560507390452,0.7697210662434762,0.7284191610772407,0.8348019929185645,0.7961579494462216,0.8240803
21,2024-01-17 09:35:00+00:00,0.17742924105675228,0.8034495168765088,0.7624261395126062,0.7592560507390452,0.7761301744097493,0.7323203943542209,0.8348019929185645,0.8277811377832359,0.8183492
21,2024-01-17 09:36:00+00:00,0.17969666893013403,0.8307122378137497,0.7896265659229562,0.7592560507390452,0.7808459965328309,0.7455435361170308,0.8348019929185645,0.8138353534538088,0.81889063
21,2024-01-17 09:37:00+00:00,0.18194501903947616,0.8082921773983895,0.7883933034662212,0.9183778961281297,0.7815953026438486,0.7449104085091168,0.7972734256785663,0.7868484962573861,0.82418
21,2024-01-17 09:38:00+00:00,0.18419391382956193,0.8130926912069509,0.7889857693152513,0.9183778961281297,0.7816123470117322,0.7392246705712346,0.7972734256785663,0.7847301938649988,0.7998874
21,2024-01-17 09:39:00+00:00,0.18644242060600644,0.8162967815179774,0.793352336997361,0.9183778961281297,0.7851271922500387,0.7329290388339686,0.7972734256785663,0.7937031199330241,0.78863007
21,2024-01-17 09:40:00+00:00,0.1886913545084506,0.8116179415255833,0.7915447990096773,0.9183778961281297,0.7882368101437833,0.7204244345387962,0.7972734256785663,0.7787171864572582,0.7878224
21,2024-01-17 09:41:00+00:00,0.19093994719331972,0.797295832325077,0.7811435074025921,0.9183778961281297,0.7863188624452462,0.7206388534289461,0.7972734256785663,0.7805496440184325,0.76562977
21,2024-01-17 09:42:00+00:00,0.19318974670735256,0.8751233378100811,0.8403896985396457,0.9183778961281297,0.7736911451717416,0.6983887515864087,0.7972734256785663,0.7867506909818043,0.7530784
21,2024-01-17 09:43:00+00:00,0.19545570883456015,0.8966947004162837,0.8910869992491932,0.9183778961281297,0.7459845931122248,0.6599585272203481,0.7666203393114935,0.6719727585179115,0.66628975
21,2024-01-17 09:44:00+00:00,0.19772075003428483,0.8566898806762002,0.869761641300832,0.9183778961281297,0.7230437395615696,0.6754637681561986,0.7708542020480836,0.6742507093048522,0.6982819
21,2024-01-17 09:45:00+00:00,0.1999670293381112,0.8534134114722538,0.8639121091695046,0.8044256130374242,0.7191245675820678,0.6845067454492478,0.7983331317133062,0.6728099101914603,0.7077537
21,2024-01-17 09:46:00+00:00,0.20221346590218736,0.8270120136262098,0.8456037507613683,0.9183778961281297,0.7130746255767337,0.6765986326336932,0.8450413398601959,0.7045769186104842,0.73850644
21,2024-01-17 09:47:00+00:00,0.20445960577283687,0.872824673458219,0.875618795104016,0.9183778961281297,0.688521009672188,0.6478391463298546,0.8368976723244519,0.6931982517384526,0.7348648
21,2024-01-17 09:48:00+00:00,0.20672513714278537,0.8486710167377827,0.853946368348959,0.9183778961281297,0.6681061303199484,0.6437915092799111,0.8450413398601959,0.6757198991245957,0.68484694
21,2024-01-17 09:49:00+00:00,0.20899114709536046,0.8073544967020401,0.8268059905562426,0.9183778961281297,0.6927761259276273,0.6658152658747759,0.8409784136853158,0.8102771360453902,0.75357306
21,2024-01-17 09:50:00+00:00,0.2112380064157356,0.8370614379881336,0.8500413487925136,0.9183778961281297,0.6910817860113934,0.6622878815207871,0.8450413398601959,0.7937404330198347,0.77237296
21,2024-01-17 09:51:00+00:00,0.21348458145796695,0.8058186016825037,0.8262092667255809,0.9183778961281297,0.6864883439736829,0.6482074293739634,0.8450413398601959,0.7874866567772938,0.76213413
21,2024-01-17 09:52:00+00:00,0.21573123767704783,0.8235790400516767,0.8397881822904123,0.9183778961281297,0.7032335221212394,0.6831003910260932,0.8450413398601959,0.8466143592080185,0.77568626
21,2024-01-17 09:53:00+00:00,0.21799689380467227,0.8233661795940184,0.845010834745958,0.9183778961281297,0.697186627833726,0.6685937640109734,0.8450413398601959,0.8194442832197183,0.7671511
21,2024-01-17 09:54:00+00:00,0.22026240908780984,0.8387253911474066,0.844334609493193,0.9183778961281297,0.7104730657164288,0.6847306296622075,0.8450413398601959,0.849982714958578,0.7704644
21,2024-01-17 09:55:00+00:00,0.2225115907299727,0.86539070289377,0.8661692081871861,0.9183778961281297,0.7137397766949041,0.6991324171005615,0.8450413398601959,0.8665960771373507,0.76990813
21,2024-01-17 09:56:00+00:00,0.22475533728888367,0.871770021342336,0.8705084616474921,0.9183778961281297,0.7188559035027117,0.7125706395839453,0.8450413398601959,0.8572257771472297,0.763969
21,2024-01-17 09:57:00+00:00,0.22700172291846596,0.8655475903176968,0.8622610898762679,0.9429711939238093,0.7242194659845759,0.7287133814008937,0.8450413398601959,0.8585758568894982,0.76711535
21,2024-01-17 09:58:00+00:00,0.2292672599654883,0.8164108511096093,0.8348492850014819,0.9183778961281297,0.7109195452518254,0.7042520890208669,0.8450413398601959,0.8234472183525632,0.7829725
21,2024-01-17 09:59:00+00:00,0.2315339254343879,0.8207273519245466,0.839025987610786,0.9183778961281297,0.720238228426673,0.7168406166762252,0.8450413398601959,0.8269067513660127,0.7885707
21,2024-01-17 10:00:00+00:00,0.23378052530718496,0.8635816958736844,0.8583828471046171,0.9183778961281297,0.7265195553282715,0.7373408108788588,0.8450413398601959,0.8528158944879098,0.7877515
21,2024-01-17 10:01:00+00:00,0.2360274381087787,0.8332532027703228,0.8455861302857735,0.9183778961281297,0.7066073619188018,0.7112770736878101,0.7734362168912933,0.806985120629334,0.77415735
21,2024-01-17 10:02:00+00:00,0.2382739851370384,0.8091177698359222,0.8266280703043978,0.9429711939238093,0.7283255944651224,0.7423103078863894,0.8450413398601959,0.8534958737286509,0.78959125
21,2024-01-17 10:03:00+00:00,0.24052052675350813,0.8004648100003924,0.8253857902714352,0.9183778961281297,0.7113774447468022,0.7160307928609367,0.8450413398601959,0.8269872538568013,0.7498298
21,2024-01-17 10:04:00+00:00,0.2427872114395678,0.8028524409488758,0.8218144320589484,0.9183778961281297,0.7139371771408106,0.7244245745184252,0.8450413398601959,0.833962987827028,0.7480758
21,2024-01-17 10:05:00+00:00,0.24505270571222665,0.837613798928182,0.8431342459780939,0.9183778961281297,0.7074007012247082,0.7259819711962934,0.8140672516249828,0.8270151048442206,0.7408046
21,2024-01-17 10:06:00+00:00,0.247300297118,0.8216084813350837,0.8299030516274071,0.9183778961281297,0.7153703505710244,0.7390404615332269,0.8140672516249828,0.8599546997844787,0.7316335
21,2024-01-17 10:07:00+00:00,0.2495452560430242,0.8019698675850937,0.8186350238291344,0.9183778961281297,0.7124311035148828,0.7310764617221882,0.8450413398601959,0.8378274729628917,0.74741995
21,2024-01-17 10:08:00+00:00,0.2517916174787219,0.8196676819645394,0.8355277188092487,0.9183778961281297,0.7138734642766268,0.722989583534053,0.766656969785972,0.8333683958382447,0.72571456
21,2024-01-17 10:09:00+00:00,0.2540575857392915,0.8106671827384706,0.8277064382880013,0.9183778961281297,0.6918242565175757,0.7122183610744234,0.7734362168912933,0.8196464461221001,0.73198605
21,2024-01-17 10:10:00+00:00,0.25632381840294094,0.7784315298084015,0.8093978136751123,0.9183778961281297,0.7080909830295137,0.7249072152777707,0.8140672516249828,0.833897756278287,0.73198605
21,2024-01-17 10:11:00+00:00,0.2585703479224684,0.8106797481780892,0.8289064590461244,0.9183778961281297,0.7066997551194469,0.7065998085306465,0.7734362168912933,0.8406880198464903,0.7357377
21,2024-01-17 10:12:00+00:00,0.2608169904529041,0.8606933123794822,0.8541314236882354,0.9183778961281297,0.7057319274963767,0.7200917287541444,0.7260259350522824,0.8436596347028102,0.73197865
21,2024-01-17 10:13:00+00:00,0.263063104537966,0.7999722022820426,0.8226700663259681,0.9183778961281297,0.7060445169272448,0.7153430155910642,0.7260259350522824,0.8523058944286482,0.7258538
21,2024-01-17 10:14:00+00:00,0.26532807304461775,0.8144067649958591,0.8286964863008304,0.9183778961281297,0.7162746644748675,0.7316142286117733,0.8140672516249828,0.8568069998960391,0.74845076
21,2024-01-17 10:15:00+00:00,0.26760023026180185,0.8112199009844336,0.8259643955189757,0.9429711939238093,0.7269801005662772,0.7386336534695168,0.8140672516249828,0.8830637231436469,0.75686026
21,2024-01-17 10:16:00+00:00,0.2698412218196507,0.7895195731277487,0.8117300022609539,0.9429711939238093,0.7288401193533747,0.7543923465314242,0.8450413398601959,0.8901016141983814,0.76527905
21,2024-01-17 10:17:00+00:00,0.2720819507492364,0.839422287225219,0.8334292843088482,0.9429711939238093,0.729245528571345,0.7531286454236131,0.8450413398601959,0.8901016141983814,0.7711527
21,2024-01-17 10:18:00+00:00,0.2743308119394256,0.7842383782796536,0.8151645492276343,0.9183778961281297,0.7065408036622729,0.7088084373638841,0.7260259350522824,0.8588788443933322,0.7288635
21,2024-01-17 10:19:00+00:00,0.27659574178361307,0.7935251705627668,0.8182646631961783,0.9183778961281297,0.7152967671686845,0.7298473558468181,0.766656969785972,0.8627763890798956,0.7444986
21,2024-01-17 10:20:00+00:00,0.27886688386068975,0.7900350536227383,0.8133839896390749,0.9183778961281297,0.68632108005503,0.7075212095574668,0.7260259350522824,0.8495718487246681,0.7330817
21,2024-01-17 10:21:00+00:00,0.2811079479784254,0.8458268060132501,0.8469970287445063,0.9183778961281297,0.7178220090413032,0.7265313663574576,0.766656969785972,0.862951893484939,0.74242604
21,2024-01-17 10:22:00+00:00,0.28334863035410146,0.7807562864562105,0.8089378448539004,0.9183778961281297,0.7163925681673383,0.7158835802488283,0.8140672516249828,0.8539854658413282,0.74845076
21,2024-01-17 10:23:00+00:00,0.28558932043525226,0.8126962111008074,0.8243946415754182,0.9429711939238093,0.7219664027438834,0.7397786632621625,0.8140672516249828,0.8907267959247505,0.76412135
21,2024-01-17 10:24:00+00:00,0.28786347907725374,0.8370495873276274,0.8424186359760111,0.9183778961281297,0.6979028068446055,0.7098670296942643,0.7260259350522824,0.8497473531297114,0.74242604
21,2024-01-17 10:25:00+00:00,0.2901283896936698,0.8046952008688781,0.8257913314186323,0.9183778961281297,0.7205539783099866,0.7347719111633153,0.8140672516249828,0.8885140074200116,0.75686026
21,2024-01-17 10:26:00+00:00,0.2923742774385747,0.8428038002402123,0.8455726709980864,0.9429711939238093,0.730831717977378,0.7412173690536052,0.7944326768730114,0.9027492021951656,0.7713058
21,2024-01-17 10:27:00+00:00,0.2946153895822052,0.8055652680998553,0.8288946278373837,0.9183778961281297,0.6641207663119558,0.6967477822804825,0.7260259350522824,0.8143470852807296,0.68101466
21,2024-01-17 10:28:00+00:00,0.29688517085639476,0.8151138844627686,0.8293779198213185,0.9183778961281297,0.7083175731407809,0.7154516765567006,0.7260259350522824,0.8627746935333209,0.74242604
21,2024-01-17 10:29:00+00:00,0.2991595276254148,0.7995317822857406,0.822516056495767,0.9183778961281297,0.719803250703528,0.7263349847684565,0.766656969785972,0.8901974354847082,0.74242604
21,2024-01-17 10:30:00+00:00,0.3014003470943284,0.8004147120275609,0.8243335135605994,0.9183778961281297,0.7070910164214961,0.7039540968731978,0.7260259350522824,0.8627746935333209,0.74242604
21,2024-01-17 10:31:00+00:00,0.30364202781601346,0.8145854961350456,0.8293057123829239,0.9183778961281297,0.7174996084492015,0.7176458643170911,0.766656969785972,0.8617279237323616,0.74242604
21,2024-01-17 10:32:00+00:00,0.30588792033602713,0.8159618671707354,0.8285375114386015,0.9183778961281297,0.7095426824379848,0.708770744113465,0.7260259350522824,0.8627746935333209,0.74242604
21,2024-01-17 10:33:00+00:00,0.3081528636990782,0.7926951872158559,0.8192595176106703,0.9183778961281297,0.7062629429703164,0.7070053851634688,0.7260259350522824,0.8625991891282776,0.7308521
21,2024-01-17 10:34:00+00:00,0.3104178015123917,0.8073228335809763,0.8270057605975754,0.9183778961281297,0.7197241264580325,0.7280193852157444,0.766656969785972,0.8901974354847082,0.74242604
21,2024-01-17 10:35:00+00:00,0.3126669660185801,0.8053748000390049,0.8244344544461846,0.9183778961281297,0.7183171492624402,0.7066920806411818,0.8140672516249828,0.860044495667665,0.7550205
21,2024-01-17 10:36:00+00:00,0.31490968746638504,0.8680941697570508,0.8569132849005534,0.9183778961281297,0.7143524030207224,0.718988067936447,0.766656969785972,0.8587575748455729,0.7378804
21,2024-01-17 10:37:00+00:00,0.3171556191422909,0.8157059150327162,0.8334903719271507,0.9183778961281297,0.7197898472904415,0.7281272554794831,0.766656969785972,0.8901974354847082,0.7326919
21,2024-01-17 10:38:00+00:00,0.31942050833438546,0.8234777481586382,0.8311557276604407,0.9183778961281297,0.7181007123285087,0.7157737441663167,0.8140672516249828,0.8622572841724039,0.75686026
21,2024-01-17 10:39:00+00:00,0.321685496816909,0.8390561451404328,0.842403616265121,0.9429711939238093,0.7315214323022747,0.7393976288156222,0.7944326768730114,0.9027492021951656,0.7713058
21,2024-01-17 10:40:00+00:00,0.3239314332679236,0.8162404168787138,0.8331554160451575,0.9183778961281297,0.7140086177694432,0.7150863546417661,0.7260259350522824,0.8611954903287946,0.74242604
21,2024-01-17 10:41:00+00:00,0.3261773382032202,0.8356141097578846,0.8441951216030799,0.9183778961281297,0.716025202102847,0.7146045442786957,0.766656969785972,0.8601033693496806,0.7378804
21,2024-01-17 10:42:00+00:00,0.3284232510970314,0.8092909259582162,0.8249541028426071,0.9183778961281297,0.7098508599249004,0.7172985393443951,0.766656969785972,0.8615524193273183,0.7326919
21,2024-01-17 10:43:00+00:00,0.33068821839398893,0.8059235239342333,0.8213039185973783,0.9183778961281297,0.718729832330652,0.7263435511455227,0.766656969785972,0.8901974354847082,0.74242604
21,2024-01-17 10:44:00+00:00,0.3329531383218672,0.8018957558108473,0.81933092784396,0.9183778961281297,0.7134999602302281,0.7110522186222553,0.766656969785972,0.8615128332469102,0.72417665
21,2024-01-17 10:45:00+00:00,0.3351990531257219,0.7717405417982097,0.8059673772930285,0.9183778961281297,0.6865360272327727,0.6982246370700217,0.7260259350522824,0.8483478789720907,0.72150785
21,2024-01-17 10:46:00+00:00,0.33744504687804217,0.8686453132817111,0.861002699340685,0.9429711939238093,0.7274011676812373,0.7266344974369151,0.766656969785972,0.8850142980931807,0.755698
21,2024-01-17 10:47:00+00:00,0.3396909257094106,0.7886888973254931,0.8176277152209759,0.9183778961281297,0.7107985719530756,0.6991039595933161,0.7260259350522824,0.8472206380644589,0.73633814
21,2024-01-17 10:48:00+00:00,0.34195588024621626,0.792124163532606,0.8180287802891324,0.9183778961281297,0.7039936895407014,0.6969204785860431,0.7260259350522824,0.8478088721865167,0.7275388
21,2024-01-17 10:49:00+00:00,0.34422087214559544,0.8180858693668402,0.8382918732978741,0.9183778961281297,0.7130450827014715,0.7185947503574824,0.766656969785972,0.8827454602595317,0.73694557
21,2024-01-17 10:50:00+00:00,0.34646676243722496,0.8335632369156234,0.8381421935691444,0.9183778961281297,0.7169436644003905,0.7015259015500048,0.766656969785972,0.8571963389618533,0.7286967
21,2024-01-17 10:51:00+00:00,0.3487126797878044,0.8392726702312108,0.8443699646949994,0.9183778961281297,0.7046143182592294,0.6970427825779528,0.7734362168912933,0.8467590294220326,0.74129117
21,2024-01-17 10:52:00+00:00,0.3509776928568326,0.8020230651427771,0.8175993283273217,0.9183778961281297,0.6993028656012498,0.6990625223145506,0.7260259350522824,0.8243699806493777,0.73068523
21,2024-01-17 10:53:00+00:00,0.35324262908905457,0.8209311928861429,0.8330763430201236,0.9183778961281297,0.718264670732423,0.7157347616814858,0.766656969785972,0.8856658507141999,0.737273
21,2024-01-17 10:54:00+00:00,0.3554885174706406,0.7706022444779781,0.804835201396195,0.9183778961281297,0.715803288958209,0.7015259015500048,0.766656969785972,0.8571963389618533,0.7191294
21,2024-01-17 10:55:00+00:00,0.3577344450081188,0.807007018910753,0.8244203642040728,0.9183778961281297,0.7177125029707826,0.7189251790741366,0.766656969785972,0.8623161578544194,0.73201
21,2024-01-17 10:56:00+00:00,0.35998038559756107,0.8262333291339918,0.8398430288209378,0.9183778961281297,0.7062678652270894,0.6875070618258815,0.7260259350522824,0.8478088721865167,0.7259221
21,2024-01-17 10:57:00+00:00,0.3622453180839755,0.8134528841041306,0.8272312401833006,0.9183778961281297,0.7153815401210714,0.7015973567893814,0.766656969785972,0.8571963389618533,0.7293786
21,2024-01-17 10:58:00+00:00,0.3645102855560203,0.8157720831928263,0.8330240940681068,0.9183778961281297,0.707237097736297,0.6963965956994318,0.7260259350522824,0.8582431087628126,0.7286967
21,2024-01-17 10:59:00+00:00,0.3667561841245051,0.8040672521913454,0.8258094898767248,0.9183778961281297,0.7055206205402879,0.712448618465873,0.7260259350522824,0.8531099298034056,0.7326919
21,2024-01-17 11:00:00+00:00,0.36900208492137404,0.8064349333503178,0.8244209917477963,0.9183778961281297,0.7108493421647397,0.7042743406961433,0.7260259350522824,0.8611501391506399,0.73201
21,2024-01-17 11:01:00+00:00,0.37124089969350044,0.8321908576801538,0.8418775989187575,0.9183778961281297,0.6907391122206202,0.7009091747482704,0.7260259350522824,0.8388586196472188,0.73017025
21,2024-01-17 11:02:00+00:00,0.3735130359694516,0.7793780220520152,0.8112509967209933,0.9183778961281297,0.7193253123685436,0.7165781237501058,0.766656969785972,0.890785669606766,0.73201
21,2024-01-17 11:03:00+00:00,0.3757779601683994,0.8142517853389397,0.8281692626118613,0.9183778961281297,0.7184358417580876,0.7297587353163363,0.7798436609899724,0.890785669606766,0.73201
21,2024-01-17 11:04:00+00:00,0.3780261323552831,0.8067859176712493,0.8290070424559597,0.9429711939238093,0.7274011676812373,0.7285822457762082,0.766656969785972,0.890785669606766,0.73201
21,2024-01-17 11:05:00+00:00,0.3802697967796019,0.7926602402120158,0.8169595642713545,0.9429711939238093,0.7268911551144335,0.7299440054744274,0.766656969785972,0.890785669606766,0.73201
21,2024-01-17 11:06:00+00:00,0.3825075715928908,0.849015659594905,0.8485334083987162,0.9183778961281297,0.7168343796794879,0.7118196963908041,0.7798436609899724,0.8601033693496806,0.7353588
21,2024-01-17 11:07:00+00:00,0.3847806787265495,0.8294957439501478,0.8423846636026635,0.9183778961281297,0.711454887843372,0.6980072250631534,0.7798436609899724,0.8491561296146191,0.7320455
21,2024-01-17 11:08:00+00:00,0.38705181398107036,0.8059292508522025,0.8248906328075098,0.9183778961281297,0.6820773573498868,0.6969520760157067,0.7392126262562828,0.8356145678890207,0.73899287
21,2024-01-17 11:09:00+00:00,0.3892915167955529,0.8237582590923229,0.8322087880025368,0.9429711939238093,0.7277086959276722,0.7248600571305884,0.8140672516249828,0.8891022415420694,0.749793
21,2024-01-17 11:10:00+00:00,0.39153353767911947,0.8243021210356933,0.8320720440206459,0.9183778961281297,0.7036047894589228,0.7086148658695319,0.7798436609899724,0.8508563923439437,0.74444926
21,2024-01-17 11:11:00+00:00,0.3937834017945245,0.8327752642162811,0.842608612143686,0.9183778961281297,0.6934635844529093,0.7079524194633233,0.7392126262562828,0.8378273563937595,0.74234164
21,2024-01-17 11:12:00+00:00,0.3960483318137993,0.7876248827474872,0.8185026945428096,0.9429711939238093,0.7283875585613436,0.7147677433777281,0.8143816550453964,0.8885744649094737,0.7427368
21,2024-01-17 11:13:00+00:00,0.39831850514414746,0.8015607548405375,0.8224103871900492,0.9183778961281297,0.7008884014836642,0.6979248496057153,0.7737506203117068,0.8502028994155784,0.72685695
21,2024-01-17 11:14:00+00:00,0.4005595699040061,0.7983746187928848,0.8237144151095461,0.9183778961281297,0.7076097646299074,0.7050808556980979,0.7737506203117068,0.8531115136108521,0.73848313
21,2024-01-17 11:15:00+00:00,0.40280510302838096,0.8186391751735447,0.8308325024574825,0.9183778961281297,0.7013140125753745,0.6931340975612824,0.7737506203117068,0.8560319040655203,0.74035835
21,2024-01-17 11:16:00+00:00,0.4050700858868875,0.8125629603908497,0.8287582868396799,0.9183778961281297,0.7040062345832461,0.6951561681708287,0.8143816550453964,0.8469449249173268,0.74035835
21,2024-01-17 11:17:00+00:00,0.4073350994440379,0.8427864634453575,0.8429637405838015,0.9183778961281297,0.7093620924478347,0.7204936696109594,0.8143816550453964,0.8765310596145449,0.74444926
21,2024-01-17 11:18:00+00:00,0.4095809750920005,0.8181683027329076,0.8363822715188105,0.9183778961281297,0.699767849840429,0.6983150510972366,0.7392126262562828,0.8520786665499464,0.73899287
21,2024-01-17 11:19:00+00:00,0.411826881619,0.8189086016978142,0.8282448539159217,0.9183778961281297,0.7177921797763119,0.7256439899846433,0.8143816550453964,0.8885744649094737,0.74367166
21,2024-01-17 11:20:00+00:00,0.4140728352604063,0.8091221780951448,0.8212115574577599,0.9429711939238093,0.7269579683212137,0.7251351843579582,0.8421573621324359,0.8885744649094737,0.7673629
21,2024-01-17 11:21:00+00:00,0.4163377489912544,0.8058302691013073,0.8230627941687725,0.9183778961281297,0.7190738483090638,0.7081492284006952,0.8143816550453964,0.8834546460169076,0.74392074
21,2024-01-17 11:22:00+00:00,0.41860269733633565,0.795940993077878,0.8172875059154807,0.9183778961281297,0.7064316788021813,0.6994924169512778,0.7737506203117068,0.8611517229580864,0.7427368
21,2024-01-17 11:23:00+00:00,0.420848691725337,0.8569188023859202,0.8457842655640369,0.9183778961281297,0.721984432017536,0.7240223875546506,0.8140672516249828,0.8861334764627272,0.7504855
21,2024-01-17 11:24:00+00:00,0.4230945559130385,0.8076640395638113,0.8326169881017143,0.9183778961281297,0.6791554086140923,0.6722895014585679,0.7737506203117068,0.8063199388605277,0.6970918
21,2024-01-17 11:25:00+00:00,0.42534043729113175,0.8163136320758757,0.8300459420938577,0.9183778961281297,0.7101224490989558,0.6920965896698696,0.8143816550453964,0.8469449249173268,0.7385186
21,2024-01-17 11:26:00+00:00,0.4276054524771248,0.8127979549393278,0.8231085774035756,0.9429711939238093,0.7286453426959874,0.7288962709674692,0.8143816550453964,0.8885744649094737,0.74367166
21,2024-01-17 11:27:00+00:00,0.42987040760286055,0.8315463773906733,0.8388980084130084,0.9183778961281297,0.6999994866897943,0.6975046180439571,0.7737506203117068,0.8520786665499464,0.7441814
21,2024-01-17 11:28:00+00:00,0.4321162937560625,0.8050809956524962,0.8248504582070011,0.9183778961281297,0.7103359756678881,0.7049506696438922,0.7737506203117068,0.8611517229580864,0.7490738
21,2024-01-17 11:29:00+00:00,0.4343622591760705,0.8232086270557564,0.8327475002358644,0.9429711939238093,0.7268911551144335,0.7145458658540653,0.8143816550453964,0.885604116022685,0.7542623
21,2024-01-17 11:30:00+00:00,0.4366081590179177,0.8481736894080361,0.8472701518682335,0.9183778961281297,0.70265597097551,0.696277729919681,0.7737506203117068,0.8468955291584188,0.7441814
21,2024-01-17 11:31:00+00:00,0.4388730789564072,0.8593078439136481,0.8536406586907117,0.9183778961281297,0.7066388281811615,0.7005664897636983,0.8143816550453964,0.8491083176631576,0.7617683
21,2024-01-17 11:32:00+00:00,0.44113809399384135,0.8743710156596411,0.8640608675001926,0.9183778961281297,0.7090697488226848,0.682881575733023,0.8143816550453964,0.8429417289696323,0.75546795
21,2024-01-17 11:33:00+00:00,0.4433839887422392,0.8329780406265432,0.838976125117435,0.9183778961281297,0.7073073701380999,0.7027831710142032,0.8143816550453964,0.8480615478621983,0.7435144
21,2024-01-17 11:34:00+00:00,0.4456298825356152,0.8030681954349608,0.8295835598333308,0.9183778961281297,0.7042345156435186,0.6953042246179651,0.7737506203117068,0.8504366171121056,0.7553494
21,2024-01-17 11:35:00+00:00,0.4478758154848834,0.800443887290101,0.8160990936664303,0.9183778961281297,0.7062964734244861,0.7076645868883776,0.8143816550453964,0.8781459626524573,0.74367166
21,2024-01-17 11:36:00+00:00,0.4501407943376042,0.8201619299574081,0.8290862876662879,0.9183778961281297,0.6968319649036143,0.6785298198707961,0.7737506203117068,0.8469588476573803,0.73902833
21,2024-01-17 11:37:00+00:00,0.4524057262669225,0.8157094278582169,0.8265551691067399,0.9183778961281297,0.7120620130275368,0.7146987665110387,0.8143816550453964,0.8765310596145449,0.7435144
21,2024-01-17 11:38:00+00:00,0.4546516547594225,0.7817230723286319,0.8107773710618609,0.9183778961281297,0.7090697488226848,0.6899577002996613,0.8143816550453964,0.845912077856421,0.73594743
21,2024-01-17 11:39:00+00:00,0.45689759216545894,0.8246369038499926,0.8340589591533263,0.9183778961281297,0.6760628103282947,0.6792759573374924,0.7737506203117068,0.8149138889153155,0.70559365
21,2024-01-17 11:40:00+00:00,0.45916252681128356,0.8134429755745818,0.8257284043962709,0.9183778961281297,0.7204710083703361,0.6994914025121755,0.8143816550453964,0.8819327938193134,0.74910927
21,2024-01-17 11:41:00+00:00,0.4614274647466276,0.8169256491218566,0.8307956891270278,0.9183778961281297,0.6977521932931998,0.6773737677864152,0.7737506203117068,0.8533400092074293,0.7587258
21,2024-01-17 11:42:00+00:00,0.4636734053360699,0.7865832941727082,0.814713814034908,0.9183778961281297,0.7097060533538879,0.6936992005440894,0.8143816550453964,0.8545060279112088,0.7617683
21,2024-01-17 11:43:00+00:00,0.46591932523337404,0.8018603198563459,0.8227703560871069,0.9183778961281297,0.7018816613818604,0.6927946230645454,0.7737506203117068,0.8555527977121681,0.7615004
21,2024-01-17 11:44:00+00:00,0.46815905389058216,0.8409581913238928,0.8425852961486311,0.9429711939238093,0.7219553664489566,0.710161175764175,0.8143816550453964,0.8800051907767666,0.7617683
21,2024-01-17 11:45:00+00:00,0.4704302080716753,0.8138426304080402,0.8264935277130419,0.9183778961281297,0.7050145681063508,0.6848038604134716,0.7737506203117068,0.8555527977121681,0.7615004
21,2024-01-17 11:46:00+00:00,0.47270359582909116,0.8158276778285374,0.8265803907968123,0.9183778961281297,0.7086750177049675,0.699552386300138,0.8143816550453964,0.8743815896087676,0.7566152
21,2024-01-17 11:47:00+00:00,0.4749410672148256,0.7929657032748527,0.8161315962343181,0.9183778961281297,0.6999994866897943,0.6887524668092992,0.7737506203117068,0.8555527977121681,0.7563119
21,2024-01-17 11:48:00+00:00,0.477185111479323,0.8263006666612047,0.8335096461895872,0.9183778961281297,0.6892973887553017,0.6755210767717492,0.7737506203117068,0.8356145678890207,0.7615004
21,2024-01-17 11:49:00+00:00,0.4794329114662021,0.8272058481354994,0.834001910205646,0.9183778961281297,0.7090697488226848,0.6837305809607457,0.8143816550453964,0.8493862090186427,0.7556804
21,2024-01-17 11:50:00+00:00,0.48169784425504,0.8001307509451583,0.8202052324746605,0.9183778961281297,0.7051812128481288,0.6790485982026077,0.7737506203117068,0.8533400092074293,0.7615004
21,2024-01-17 11:51:00+00:00,0.48397032006149726,0.7946275198190027,0.813336020547488,0.9429711939238093,0.7212821569635073,0.6929808447420865,0.8421573621324359,0.8849958544933421,0.7673629
21,2024-01-17 11:52:00+00:00,0.4862110162428155,0.8321266779754599,0.8359945869708156,0.9183778961281297,0.7109420578810121,0.6902972141695368,0.8143816550453964,0.8536152958862852,0.7542623
21,2024-01-17 11:53:00+00:00,0.4884546518559507,0.8034823361930354,0.8215639562791499,0.9183778961281297,0.7138091454972476,0.7097552494892556,0.8143816550453964,0.8840083867244611,0.7533275
21,2024-01-17 11:54:00+00:00,0.49070060708906,0.7943178514607756,0.8168886826096735,0.9183778961281297,0.7102487914262944,0.6958459993106515,0.8143816550453964,0.8545060279112088,0.7617683
21,2024-01-17 11:55:00+00:00,0.49296555181036417,0.8259464369111318,0.8313883580127086,0.9183778961281297,0.6921158922017118,0.6857326717062326,0.7737506203117068,0.8383311386691925,0.7605656
21,2024-01-17 11:56:00+00:00,0.4952304659815835,0.827955507059372,0.8370983989329521,0.9183778961281297,0.7148927726440056,0.6929808447420865,0.8143816550453964,0.8778557207709893,0.7566152
21,2024-01-17 11:57:00+00:00,0.49747777161818185,0.8033185570964112,0.8230781369261493,0.9183778961281297,0.6540698922864099,0.6703615110747883,0.7737506203117068,0.810045579914245,0.69177425
21,2024-01-17 11:58:00+00:00,0.4997223595757509,0.8068560148791168,0.8207297188242473,0.9183778961281297,0.6983705661389793,0.6870429602752333,0.7737506203117068,0.8533400092074293,0.7615004
21,2024-01-17 11:59:00+00:00,0.5019682374520976,0.8085262093047807,0.8205572606126397,0.9183778961281297,0.7131303939594208,0.7035896342061235,0.8143816550453964,0.8800051907767666,0.7617683
21,2024-01-17 12:00:00+00:00,0.5042332408966287,0.7965913156626674,0.8146037288253571,0.9183778961281297,0.7065062941419723,0.6942325152056815,0.8143816550453964,0.8555527977121681,0.7617683
21,2024-01-17 12:01:00+00:00,0.50649818802671,0.8162515031073814,0.8331447217479866,0.9183778961281297,0.7013088186909687,0.6842937798748504,0.8143816550453964,0.8491083176631576,0.7617683
21,2024-01-17 12:02:00+00:00,0.5087440719515279,0.8212600247653659,0.8314850924393689,0.9183778961281297,0.7033112516219903,0.6896340438264507,0.7737506203117068,0.8555527977121681,0.7605656
21,2024-01-17 12:03:00+00:00,0.5109900284579995,0.8009196050111247,0.8175392034913012,0.9183778961281297,0.7097717741862968,0.6953981736375796,0.8143816550453964,0.8480615478621983,0.7617683
21,2024-01-17 12:04:00+00:00,0.5132549959088216,0.8234608682940068,0.8351194566281308,0.9183778961281297,0.7097134108044605,0.6823281508629999,0.8143816550453964,0.8493228905196812,0.7599285
21,2024-01-17 12:05:00+00:00,0.5155199080426611,0.7935521492054396,0.8141176517900048,0.9183778961281297,0.705193002936551,0.7035896342061235,0.8143816550453964,0.8795014085013336,0.7617683
21,2024-01-17 12:06:00+00:00,0.5177658362168205,0.8532234510039989,0.845411019568542,0.9183778961281297,0.6929870100492672,0.6894185071271101,0.8143816550453964,0.8501941559155972,0.760621
21,2024-01-17 12:07:00+00:00,0.5200117882665238,0.7959933382072326,0.8137524946586836,0.9183778961281297,0.7036047894589228,0.6855348997132549,0.8143816550453964,0.847886043457155,0.7617683
21,2024-01-17 12:08:00+00:00,0.5222576849249652,0.8119714575902823,0.8272883872462131,0.9183778961281297,0.6990085875158597,0.6882234360515026,0.7737506203117068,0.8555527977121681,0.7615004
21,2024-01-17 12:09:00+00:00,0.524522684995086,0.8284901882698326,0.8334382874127244,0.9183778961281297,0.6792264414472533,0.6711591194440123,0.7737506203117068,0.8330358153715831,0.7554125
21,2024-01-17 12:10:00+00:00,0.5267876386829835,0.8133476323766975,0.8236057197985116,0.9183778961281297,0.7093364502224149,0.7035896342061235,0.8143816550453964,0.8800051907767666,0.7599285
21,2024-01-17 12:11:00+00:00,0.5290335270645695,0.7976099537994448,0.8219631978331556,0.9183778961281297,0.6877669147488232,0.6583818857477598,0.7737506203117068,0.8237951531224916,0.75634736
21,2024-01-17 12:12:00+00:00,0.531279435183272,0.8112319096327885,0.8204985375153901,0.9183778961281297,0.6971599500531318,0.685096453079587,0.7737506203117068,0.8553772933071248,0.7615004
21,2024-01-17 12:13:00+00:00,0.5335254009216206,0.8035856819863985,0.8201589877820399,0.9183778961281297,0.705829307467754,0.6973171337291877,0.8143816550453964,0.8829755396635554,0.76083344
21,2024-01-17 12:14:00+00:00,0.5357903333868123,0.8364094016775714,0.8373610407571621,0.9183778961281297,0.7093620924478347,0.7055561193437841,0.8143816550453964,0.8798296863717233,0.76151085
21,2024-01-17 12:15:00+00:00,0.5380552566307383,0.7908337925932831,0.8131164035321479,0.9183778961281297,0.705829307467754,0.7038717188964961,0.8143816550453964,0.882800035258512,0.7617683
21,2024-01-17 12:16:00+00:00,0.5403012121821881,0.8289156696191999,0.8350071188938146,0.9429711939238093,0.7224225324056888,0.7023405848787546,0.8143816550453964,0.8810380378376724,0.7524226
21,2024-01-17 12:17:00+00:00,0.5425471231659558,0.8181328551670721,0.8250499202510861,0.9183778961281297,0.7094914976598226,0.6894185071271101,0.8143816550453964,0.8493228905196812,0.757784
21,2024-01-17 12:18:00+00:00,0.5447930201427378,0.7927737078073638,0.8111421565755581,0.9183778961281297,0.6798627459784563,0.6837343940457099,0.7737506203117068,0.840498162948472,0.7520503
21,2024-01-17 12:19:00+00:00,0.5470580086995407,0.7886202055986407,0.8164048031205875,0.9183778961281297,0.68271366188109,0.668990675211797,0.7737506203117068,0.8413014875559812,0.7605656
21,2024-01-17 12:20:00+00:00,0.5493229449317626,0.8348517890115237,0.8375280254101489,0.9183778961281297,0.6899994141189135,0.6879221369468127,0.7737506203117068,0.8383311386691925,0.7615004
21,2024-01-17 12:21:00+00:00,0.5515688450919504,0.8434933803949041,0.8431160728813203,0.9183778961281297,0.7090697488226848,0.6856028399921147,0.8143816550453964,0.846415860131854,0.760621
21,2024-01-17 12:22:00+00:00,0.5538148057368497,0.7950065738539469,0.8149044108386638,0.9183778961281297,0.7029027640953109,0.669401955354517,0.8143816550453964,0.8427662245645889,0.76083344
21,2024-01-17 12:23:00+00:00,0.5560607733852417,0.8267118157471676,0.8285791001638267,0.9429711939238093,0.7279433173323754,0.6949709744102311,0.8143816550453964,0.8715719127514171,0.747962
21,2024-01-17 12:24:00+00:00,0.5583257397324831,0.7889192007320678,0.8092483579080776,0.9183778961281297,0.689599531427131,0.6859068861328667,0.7737506203117068,0.8553772933071248,0.7605656
21,2024-01-17 12:25:00+00:00,0.5605906660218675,0.7843428477221583,0.809150832495646,0.9183778961281297,0.7097717741862968,0.6886693740436373,0.8143816550453964,0.8545060279112088,0.7617683
21,2024-01-17 12:26:00+00:00,0.562955054675074,0.1512772647416481,0.2909889479524349,0.009590570582054762,0.4146382576105694,0.25848921922302015,0.49647482960328326,0.4141755878956769,0.3501004
21,2024-01-17 12:27:00+00:00,0.5650286598014215,0.30375033634511284,0.29458315902475996,0.009590570582054762,0.27273375694928004,0.2394317341725931,0.3224522972854941,0.28513367734278805,0.27536517
21,2024-01-17 12:28:00+00:00,0.5672843656026987,0.764733384644011,0.5622095770918609,0.009590570582054762,0.463828428245993,0.3294233290450597,0.2838586929789425,0.47554226310814157,0.4511208
21,2024-01-17 12:29:00+00:00,0.569596747238162,0.6697045939997648,0.5998081190462069,0.7592560507390452,0.7364524192823261,0.6501902910715409,0.6438627862233448,0.5959549039588972,0.6827802
21,2024-01-17 12:30:00+00:00,0.5718458572264842,0.6293924837812992,0.5799722281786459,0.9183778961281297,0.7415593356403647,0.6794391477658783,0.7972734256785663,0.5508020787617465,0.71452457
21,2024-01-17 12:31:00+00:00,0.5740953275763505,0.5822344940751027,0.5507060158475385,0.9183778961281297,0.7449798298743392,0.6715540041620554,0.7972734256785663,0.5551828918614963,0.65813357
21,2024-01-17 12:32:00+00:00,0.5763441013970134,0.612927236733857,0.5973698171020866,0.9183778961281297,0.7609133494949887,0.6702702596976855,0.7972734256785663,0.5611457382067998,0.6677863
21,2024-01-17 12:33:00+00:00,0.5786115795469852,0.6566746728505319,0.6383465658882903,0.9183778961281297,0.7607540192942553,0.6757518608418592,0.7972734256785663,0.5951023909716189,0.7061802
21,2024-01-17 12:34:00+00:00,0.5808797254375601,0.682764727052604,0.6649431554868326,0.9183778961281297,0.770055484393115,0.6635828319945429,0.7972734256785663,0.5640041497813992,0.67271554
21,2024-01-17 12:35:00+00:00,0.5831292502236666,0.7027344407884333,0.6856604911095359,0.9183778961281297,0.7787891470048575,0.6536533107188913,0.7972734256785663,0.6051267551615793,0.6996898
21,2024-01-17 12:36:00+00:00,0.585377911988443,0.6834251773964586,0.6799817499571768,0.9183778961281297,0.7806192992385186,0.6361807656714178,0.7972734256785663,0.609156720525884,0.6870089
21,2024-01-17 12:37:00+00:00,0.5876262646445098,0.7090809343507023,0.7020836322634578,0.9183778961281297,0.7729660290513191,0.6243238179119188,0.7163233841434075,0.5858028898579601,0.64601445
21,2024-01-17 12:38:00+00:00,0.5898752396564234,0.7306102484057395,0.7122994300377288,0.9183778961281297,0.7629632724354264,0.6212454354716792,0.7163233841434075,0.6047178869883407,0.62996733
21,2024-01-17 12:39:00+00:00,0.5921249045123882,0.808081666487809,0.783918478434328,0.9183778961281297,0.750841242492104,0.6072870171745017,0.7163233841434075,0.6130104494032798,0.61428744
21,2024-01-17 12:40:00+00:00,0.5943906275870379,0.78457355413228,0.799281162932957,0.9183778961281297,0.7329112416675002,0.5602567827124499,0.5939745505840096,0.5463396533028994,0.5593086
21,2024-01-17 12:41:00+00:00,0.5966555834502627,0.7733262614082581,0.7925437541836633,0.9183778961281297,0.7026047158153523,0.5945849201518246,0.6010631001411694,0.608096758431169,0.5865069
21,2024-01-17 12:42:00+00:00,0.5989038070314655,0.7848669535803627,0.801438315555149,0.9183778961281297,0.7036237591705824,0.6002550393177261,0.7199487616390823,0.6090232801233476,0.6452829
21,2024-01-17 12:43:00+00:00,0.6011474235632116,0.7806120304671755,0.7995996992991512,0.9183778961281297,0.6751500737089664,0.597746304523043,0.7124385834118431,0.5917747574372242,0.6484551
21,2024-01-17 12:44:00+00:00,0.6033934004434808,0.7890130907880963,0.8096978680850637,0.9183778961281297,0.6741552269774788,0.6175630834625836,0.7030936648455869,0.5803980201957366,0.649842
21,2024-01-17 12:45:00+00:00,0.6056583385857461,0.7982064018924935,0.8132783925409321,0.9183778961281297,0.6735906777133843,0.6100409255075531,0.7260259350522824,0.5960511354420374,0.6504931
21,2024-01-17 12:46:00+00:00,0.6079297737598172,0.8285272810581863,0.8323934250796374,0.9183778961281297,0.6504505213883052,0.6168515704184584,0.7260259350522824,0.7013904844293847,0.68638635
21,2024-01-17 12:47:00+00:00,0.6101691903752288,0.8276058277362215,0.8270077375288063,0.9183778961281297,0.6676909176767205,0.6231431070203614,0.766656969785972,0.6230504922906114,0.6593965
21,2024-01-17 12:48:00+00:00,0.6124112152448549,0.7967606270930223,0.8098552446422729,0.9183778961281297,0.6694195393702195,0.6478088460798392,0.7260259350522824,0.7450525048052218,0.6934818
21,2024-01-17 12:49:00+00:00,0.6146610655056423,0.7758510572998607,0.8026767048965553,0.9183778961281297,0.6412345431294294,0.6411109371647383,0.7260259350522824,0.7141072477963771,0.6616696
21,2024-01-17 12:50:00+00:00,0.6169260120202651,0.8689261631277962,0.8492488051575413,0.9183778961281297,0.6845027147018358,0.6876346744644728,0.766656969785972,0.8365914563107268,0.7210098
21,2024-01-17 12:51:00+00:00,0.6191909867929207,0.7748808295905367,0.7973161012125978,0.9183778961281297,0.6875720578012202,0.6999755215937021,0.7260259350522824,0.8133050819499078,0.7167998
21,2024-01-17 12:52:00+00:00,0.6214368812229779,0.8378793755257452,0.8336669393346301,0.9183778961281297,0.6926522586622923,0.7051831165175135,0.7260259350522824,0.8072822074448363,0.74327695
21,2024-01-17 12:53:00+00:00,0.6236827485940852,0.8032939266412105,0.8140247357944057,0.9183778961281297,0.6974703685701139,0.7189017728070114,0.766656969785972,0.8196541248369875,0.7375206
21,2024-01-17 12:54:00+00:00,0.6259477792408195,0.8103493728091782,0.816096161773249,0.9183778961281297,0.7004251942451799,0.7200977981297216,0.7260259350522824,0.8300044506975658,0.73629254
21,2024-01-17 12:55:00+00:00,0.6282127055355095,0.7803636383366599,0.8010961309604583,0.9183778961281297,0.7088053227053376,0.728949600622119,0.766656969785972,0.8308154709016687,0.7396027
21,2024-01-17 12:56:00+00:00,0.6304585923253926,0.8285625123062705,0.8346402074001333,0.9183778961281297,0.687457395039672,0.7225741217526018,0.7260259350522824,0.8175686252352751,0.74147683
21,2024-01-17 12:57:00+00:00,0.632704525911342,0.8081347632901914,0.8185485514146948,0.9183778961281297,0.7026019319516207,0.7224171891528165,0.766656969785972,0.834261364078419,0.7340649
21,2024-01-17 12:58:00+00:00,0.6349504655457624,0.7596531967005977,0.7934021061425143,0.9183778961281297,0.6996311390294369,0.719299389405261,0.7260259350522824,0.831578886892204,0.7349443
21,2024-01-17 12:59:00+00:00,0.6372153794251696,0.8132591234941136,0.8233936620963096,0.9183778961281297,0.7027450590577153,0.7220596199960213,0.766656969785972,0.8380079485583324,0.7224271
21,2024-01-17 13:00:00+00:00,0.6394803616841346,0.7781244869925819,0.8010061652295519,0.9183778961281297,0.7095158231312783,0.7318814528948611,0.766656969785972,0.8485200835410999,0.72872746
21,2024-01-17 13:01:00+00:00,0.6420136801050238,0.5207954911833945,0.5866329359575663,0.9429711939238093,0.5721619139004404,0.35479134511213345,0.653125068566463,0.6543191371774604,0.61211497
21,2024-01-17 13:02:00+00:00,0.644002035603993,0.4178619894811449,0.48092941564344494,0.009590570582054762,0.350318376064829,0.20567939474438138,0.3863550763351228,0.27597804715254654,0.25383303
21,2024-01-17 13:03:00+00:00,0.6462330415802299,0.340091257853699,0.36939395544063125,0.009590570582054762,0.34538959993296897,0.2830299255622449,0.27012417762638663,0.4188527375171704,0.26832786
21,2024-01-17 13:04:00+00:00,0.64849817873785,0.6014150539146699,0.54325548513362,0.027505789944354635,0.3660702524224894,0.4284505142057814,0.36700064261821896,0.46884078490702213,0.5353985
21,2024-01-17 13:05:00+00:00,0.6508466810434104,0.3104704919435268,0.29720316829789983,0.027505789944354635,0.24562560041598194,0.3515050205921843,0.25195031852931105,0.39030496921127217,0.24774604
21,2024-01-17 13:06:00+00:00,0.6530417061382364,0.22188616960630242,0.254435013206159,0.22395475173419743,0.15807675547763467,0.1641870731196059,0.3114608090531791,0.2285244238589867,0.21685582
21,2024-01-17 13:07:00+00:00,0.6552233699925587,0.36285553124429015,0.3754440344198286,0.05785340524255025,0.09969783594623252,0.18611125246019522,0.2775800400521919,0.16268604532825184,0.14577402
21,2024-01-17 13:08:00+00:00,0.6575043679869034,0.43452349093897574,0.423213231474331,0.23774774200059662,0.2408029920458507,0.30699990846609426,0.34715076406879697,0.34127196818532385,0.2732624
21,2024-01-17 13:09:00+00:00,0.6597077867773261,0.42719294070590547,0.4432094274281373,0.30721967211956047,0.18110845207707782,0.28323665723859115,0.29031661273980824,0.17717887521550676,0.21020798
21,2024-01-17 13:10:00+00:00,0.6620226812943768,0.389803596099728,0.3892617489724864,0.22395475173419743,0.21956131101355003,0.34092411963385605,0.32704594665382714,0.20791579097539195,0.26133117
21,2024-01-17 13:11:00+00:00,0.6643231240652038,0.37648349000628706,0.371876669233008,0.30721967211956047,0.2518061966934681,0.3477612756238585,0.3134581505859412,0.20330298133872768,0.21179324
21,2024-01-17 13:12:00+00:00,0.6664915428613126,0.4631778397661344,0.4564353930496132,0.23774774200059662,0.2907880225203229,0.4464848841015382,0.374422321770907,0.32387472224605335,0.32361633
21,2024-01-17 13:13:00+00:00,0.6687294386372236,0.40797401367295155,0.4124496407866235,0.22395475173419743,0.2742729868401294,0.371472507542173,0.3216299109044707,0.28794053216365223,0.27029684
21,2024-01-17 13:14:00+00:00,0.6710734717556369,0.4215016563940313,0.4187214079736185,0.22395475173419743,0.28744365915231423,0.37694592844703256,0.35063856330586424,0.300079873267764,0.31573543
21,2024-01-17 13:15:00+00:00,0.6733045046636196,0.3925612769863727,0.4000557328918968,0.30721967211956047,0.3190119277777892,0.392940115946744,0.3263974731404477,0.25278990631724046,0.2607827
21,2024-01-17 13:16:00+00:00,0.6754945746249975,0.49138389247978914,0.48373553187624,0.30721967211956047,0.32757220025262423,0.4166267055988001,0.40141645595450237,0.320335119765662,0.3400757
21,2024-01-17 13:17:00+00:00,0.6777820300485838,0.45602343304914555,0.4592190895152839,0.22395475173419743,0.3149965887594382,0.41642880269236654,0.4116298742390037,0.35298728628090664,0.38857666
21,2024-01-17 13:18:00+00:00,0.6800585070820931,0.47892916563390703,0.47335467670219367,0.30721967211956047,0.31451920388187726,0.44507372740696755,0.3823809982954541,0.33268156512639474,0.40058598
21,2024-01-17 13:19:00+00:00,0.6822439969387657,0.4058879770368243,0.4180564073705932,0.30721967211956047,0.3641343963752817,0.4321374242141566,0.40636378202592255,0.34610429974868473,0.38853398
21,2024-01-17 13:20:00+00:00,0.6844973825049696,0.4820177583034995,0.4792983440945266,0.5028713167029528,0.3254459499180334,0.42184819138526053,0.4056417666984086,0.4107432610707014,0.38970643
21,2024-01-17 13:21:00+00:00,0.6868015106381152,0.5003732331846202,0.49391182515660675,0.5028713167029528,0.3392361224868824,0.4345696101632954,0.4257662048256205,0.4073980885203545,0.40661964
21,2024-01-17 13:22:00+00:00,0.6890782778288075,0.5032096532441819,0.5096109630260367,0.5028713167029528,0.35240173101556105,0.4442921807759014,0.42818181360202495,0.4213239992666779,0.41701147
21,2024-01-17 13:23:00+00:00,0.6912968925791579,0.515095165241148,0.5081301247040526,0.30721967211956047,0.3766886578930772,0.42348295832200966,0.416036754360991,0.35698018973322365,0.39058194
21,2024-01-17 13:24:00+00:00,0.6935479179039092,0.4925452373673856,0.4908078479227885,0.5028713167029528,0.32984847528553674,0.42085974653370684,0.4079274381971055,0.414034750341498,0.3940033
21,2024-01-17 13:25:00+00:00,0.6958144840297126,0.46849725167184403,0.4718087735861978,0.5028713167029528,0.34091700211721515,0.4324353455457713,0.42782742751004094,0.4195763371835722,0.40389392
21,2024-01-17 13:26:00+00:00,0.6981007772724652,0.47681468720620895,0.4800322489010441,0.5028713167029528,0.3502281674691392,0.41619805857665515,0.433784476129562,0.4124526472404273,0.40577927
21,2024-01-17 13:27:00+00:00,0.700347409147845,0.48046682654513845,0.48132551245051614,0.5028713167029528,0.33371188674352176,0.40486573702347833,0.42206535139063533,0.4034106263717947,0.40494686
21,2024-01-17 13:28:00+00:00,0.702538589859921,0.49752237761427726,0.5034515668214353,0.5028713167029528,0.3191210195507926,0.38877508981611714,0.389448711469103,0.40791490069134917,0.38049877
21,2024-01-17 13:29:00+00:00,0.7047942570427654,0.5125503933747324,0.5160256581398193,0.5028713167029528,0.35292288706806274,0.4081801038485501,0.43081899070986945,0.4181634099312229,0.41619614
21,2024-01-17 13:30:00+00:00,0.7071095620919443,0.47236330730576587,0.47987775157283163,0.5028713167029528,0.3497369084985271,0.3850946848996994,0.41468402161453094,0.4148092274665272,0.3992722
21,2024-01-17 13:31:00+00:00,0.7093531563121972,0.5424419767143349,0.5423117349322772,0.5028713167029528,0.3637489000600332,0.4039840352610421,0.433784476129562,0.4189092143140441,0.38548753
21,2024-01-17 13:32:00+00:00,0.711553198158515,0.4571936785196003,0.46586447214484517,0.5028713167029528,0.32170669258256396,0.3779724754360227,0.40371497933342737,0.4110398473587975,0.37836966
21,2024-01-17 13:33:00+00:00,0.7138494665706742,0.48549651916133435,0.49700387758521597,0.5028713167029528,0.3537107858913936,0.4013746858675598,0.4239400236819168,0.42513468635008117,0.39980343
21,2024-01-17 13:34:00+00:00,0.7161585242137869,0.44454032920946457,0.45483712856490244,0.5028713167029528,0.3309829196228872,0.3823268504176362,0.4056417666984086,0.424284073515118,0.39545187
21,2024-01-17 13:35:00+00:00,0.7183236091649965,0.590837068085277,0.5831177881947678,0.5028713167029528,0.3643940144346873,0.4310542341640277,0.4679395176659128,0.47296032894473355,0.44955593
21,2024-01-17 13:36:00+00:00,0.7205457579335646,0.48565240330406795,0.4887896408533818,0.5028713167029528,0.34658860168778344,0.39159965709645067,0.4564536278425096,0.44096760106505256,0.40588808
21,2024-01-17 13:37:00+00:00,0.7228940193311958,0.5282480681270152,0.5377466597671046,0.5028713167029528,0.35640733614387515,0.3890919490207729,0.45607843184377134,0.4215233842887092,0.41964856
21,2024-01-17 13:38:00+00:00,0.7251406347417253,0.51767800062022,0.5197019095671613,0.5028713167029528,0.3298469844099196,0.37202637240794717,0.43554240116898285,0.42711618440117116,0.3816695
21,2024-01-17 13:39:00+00:00,0.7273285767792863,0.5034946491646548,0.5078950717148434,0.5028713167029528,0.3252514812513918,0.3767398240214129,0.46626234041563175,0.4305676264550524,0.4001958
21,2024-01-17 13:40:00+00:00,0.7296124235539974,0.5033905482569447,0.4824910416417295,0.5028713167029528,0.3477950484137342,0.39569406415941727,0.4583617517764918,0.4495025829869603,0.41124663
21,2024-01-17 13:41:00+00:00,0.7319103914672155,0.5118100340752778,0.5191185871560816,0.5028713167029528,0.35654174707876596,0.3888195711789059,0.4522713199470522,0.4300728015047856,0.40408456
21,2024-01-17 13:42:00+00:00,0.7341240817218587,0.49572039116738115,0.5100611537002145,0.5028713167029528,0.33434223878846975,0.3862096095483618,0.45947232223007767,0.44209045399112323,0.39836204
21,2024-01-17 13:43:00+00:00,0.736363194253141,0.4677749309293762,0.4820714588138493,0.5028713167029528,0.34813749239879366,0.39861873739414433,0.49431468919365174,0.4450206673330415,0.41858354
21,2024-01-17 13:44:00+00:00,0.738646809203027,0.5003971089375754,0.5072732282980693,0.5028713167029528,0.3584813542107895,0.38732161511964125,0.4600210232825021,0.4445398277065631,0.41334707
21,2024-01-17 13:45:00+00:00,0.7409013881564809,0.5380910372147398,0.5401978179973673,0.5028713167029528,0.3616552406922838,0.399837080515799,0.45850295260455504,0.4392180429354792,0.41800776
21,2024-01-17 13:46:00+00:00,0.7431147648435188,0.5129590498380852,0.5211311191213818,0.5028713167029528,0.35035776789950757,0.39376729611538486,0.4601701382456836,0.4401160269333684,0.42543155
21,2024-01-17 13:47:00+00:00,0.7453779532120438,0.5628010404857164,0.561991326480768,0.5028713167029528,0.33435316442738666,0.3774616665173514,0.4394139592557605,0.4538375977474966,0.42603675
21,2024-01-17 13:48:00+00:00,0.7476632983751365,0.5067367007272412,0.5074658181989696,0.5028713167029528,0.3553930390294722,0.3837476165229181,0.4354097541100116,0.4350404782348548,0.43383163
21,2024-01-17 13:49:00+00:00,0.7499505976557341,0.5157127336764789,0.5258254239654109,0.5028713167029528,0.3575162383477405,0.39568563390356487,0.4333224536454552,0.44264373353364145,0.43350512
21,2024-01-17 13:50:00+00:00,0.7521806980604835,0.5265607050376482,0.5340747716285081,0.5028713167029528,0.3411509587243704,0.3849079812705251,0.4205683022174045,0.4453072672539203,0.43791386
21,2024-01-17 13:51:00+00:00,0.7543843968513405,0.5118273766670991,0.5157903466900153,0.5028713167029528,0.3496549141558529,0.3666967974974241,0.4152317837252514,0.4441169769238451,0.41741186
21,2024-01-17 13:52:00+00:00,0.7566494080611532,0.5577349857505469,0.5524955865934003,0.5028713167029528,0.3637039254743791,0.3914077055475628,0.4359596307532997,0.44629116830754056,0.42716268
21,2024-01-17 13:53:00+00:00,0.7589637584432322,0.5001745325083626,0.5169051426528701,0.5028713167029528,0.3446560498884312,0.3927198069001579,0.4391025350262914,0.45134041852342194,0.4375259
21,2024-01-17 13:54:00+00:00,0.7611984502339886,0.5531263128542778,0.5542636424589986,0.5028713167029528,0.3508142708148817,0.3906321609207917,0.4106920204535439,0.4461639606486442,0.42302045
21,2024-01-17 13:55:00+00:00,0.763399783986388,0.5154408928060779,0.5165519143381659,0.5028713167029528,0.3299844492578432,0.38488576977249156,0.4115323474741149,0.45328862846886153,0.4240779
21,2024-01-17 13:56:00+00:00,0.7656815535751608,0.5276076530469855,0.5314065621474797,0.5028713167029528,0.35633065032673517,0.4208324158394556,0.4354097541100116,0.4494579652228428,0.44299525
21,2024-01-17 13:57:00+00:00,0.7680021999585906,0.5124221231210782,0.5204582506067655,0.5028713167029528,0.3579221002830497,0.40886472723744033,0.42786901074203876,0.45250571262018924,0.44771346
21,2024-01-17 13:58:00+00:00,0.7701723455839032,0.561738650924819,0.566981228467899,0.5028713167029528,0.36834205188767916,0.4278724409483583,0.4523505750515047,0.5100589712046111,0.46589145
21,2024-01-17 13:59:00+00:00,0.7723743248739535,0.5240526474598717,0.5276084749569864,0.5028713167029528,0.35226032652289196,0.41069065314484726,0.4359596307532997,0.45810030476373453,0.44191754
21,2024-01-17 14:00:00+00:00,0.7747226853090436,0.5213491077006962,0.5301043181720997,0.5028713167029528,0.35311376261097566,0.4150778341182166,0.4359596307532997,0.4589686475014067,0.44767985
21,2024-01-17 14:01:00+00:00,0.7769832863557355,0.506532675404336,0.522043930861793,0.5028713167029528,0.3523113058185259,0.41002207170352356,0.4230298626030511,0.4653577165176285,0.45127428
21,2024-01-17 14:02:00+00:00,0.7791706424139024,0.517988129531965,0.5310185499867973,0.5028713167029528,0.3586169847190549,0.42234615895687583,0.44404792578540836,0.47041375195427243,0.45934823
21,2024-01-17 14:03:00+00:00,0.7814498692038918,0.5333811745415677,0.5253731287016704,0.5028713167029528,0.3589209969441312,0.43363706607969976,0.42988168073450206,0.4656059817636933,0.45757467
21,2024-01-17 14:04:00+00:00,0.7837461919284896,0.5014952511628463,0.5161307448201572,0.5028713167029528,0.35746110847280527,0.44794017961444504,0.4373105244057429,0.45749761521029253,0.47381905
21,2024-01-17 14:05:00+00:00,0.7859692768567206,0.5399322122260726,0.5460839387011888,0.5028713167029528,0.3612162038241647,0.4443789085170234,0.4277062159500069,0.4601436298664794,0.4641677
21,2024-01-17 14:06:00+00:00,0.7882016980038339,0.5338760791370478,0.5341552649319665,0.3291258292383565,0.3640596598323375,0.4330476122747667,0.4393093339793429,0.4211086209946928,0.4721782
21,2024-01-17 14:07:00+00:00,0.7904854057549365,0.5062735202610713,0.5089038088692184,0.3291258292383565,0.3835569899714018,0.43652537073575387,0.4246465861645829,0.43765619513640214,0.4694825
21,2024-01-17 14:08:00+00:00,0.7927363900144967,0.5596030705203927,0.5622492233751295,0.3291258292383565,0.36984051312475136,0.4614831482186914,0.44390385534020477,0.43893558999926297,0.48885372
21,2024-01-17 14:09:00+00:00,0.794936172657831,0.5372735138647089,0.5431035598226317,0.3291258292383565,0.3747831268062077,0.45868589930112913,0.42683715974400877,0.43944613502641094,0.46794564
21,2024-01-17 14:10:00+00:00,0.7972099161577884,0.5518848697217127,0.5544585343694974,0.3291258292383565,0.37330464317405687,0.43803523522661064,0.4172664319800537,0.4287188166297789,0.4468174
21,2024-01-17 14:11:00+00:00,0.79949622706406,0.5343770895475184,0.5420508685996415,0.3291258292383565,0.39128619996873537,0.4514687387774175,0.44244365599151464,0.4318350310901471,0.46231663
21,2024-01-17 14:12:00+00:00,0.8016781007636928,0.3684351090784841,0.44345452221188625,0.7402746206630971,0.619167226181282,0.5416158803445359,0.6401449957884712,0.6272273349496313,0.63084644
21,2024-01-17 14:13:00+00:00,0.8039951951028597,0.4614835608815349,0.4438029105583046,0.7592560507390452,0.6654336886717,0.6455387954197208,0.7117641736778647,0.678365449621559,0.67405367
21,2024-01-17 14:14:00+00:00,0.8062472612125395,0.4763093208230989,0.4753119164057617,0.7592560507390452,0.6795739158734211,0.6459021130409657,0.7117641736778647,0.6452767467548391,0.6716114
21,2024-01-17 14:15:00+00:00,0.8085070104580494,0.5226724049067717,0.5257938120475766,0.7592560507390452,0.6693798390119006,0.6482386782865698,0.7117641736778647,0.6530181856063629,0.6655205
21,2024-01-17 14:16:00+00:00,0.8107640685197807,0.5458456735075186,0.5545044410200468,0.7592560507390452,0.6969730279489728,0.6507847213783823,0.688879588295283,0.6987231673427833,0.72025055
21,2024-01-17 14:17:00+00:00,0.8130169403637528,0.5910869668228647,0.6060341532204704,0.7592560507390452,0.6917741956618966,0.6511554130032835,0.7117641736778647,0.6629485897080253,0.71919185
21,2024-01-17 14:18:00+00:00,0.8152692709966759,0.5566524346947657,0.5741530065810946,0.7592560507390452,0.699131955802409,0.6566046417143672,0.7117641736778647,0.6768758481693326,0.7149983
21,2024-01-17 14:19:00+00:00,0.8175542471871206,0.3220422377713543,0.24566982022354428,0.5249628748615524,0.5964007083310349,0.5463484591244484,0.5058116984606121,0.6107167278160667,0.5807519
21,2024-01-17 14:20:00+00:00,0.8197810891345327,0.0180305512386148,0.09501029985915471,0.027505789944354635,0.3073053557144358,0.5317711306095947,0.4014468640444594,0.38987764741852,0.46557704
21,2024-01-17 14:21:00+00:00,0.8221483375277018,0.3740878617730048,0.37157824731387723,0.027505789944354635,0.35664651044357615,0.4737567475266084,0.2867755756141619,0.5096256231416689,0.36602253
21,2024-01-17 14:22:00+00:00,0.824341478846889,0.37834249412792037,0.4061793796784824,0.22395475173419743,0.2651022849430161,0.3131417033740194,0.3413169744948458,0.2795835903824088,0.3011892
21,2024-01-17 14:23:00+00:00,0.8265294071900281,0.5273840831299916,0.5201943205832152,0.22395475173419743,0.2954317491463097,0.39198305956003193,0.3423913235804802,0.23367315165019173,0.25890502
21,2024-01-17 14:24:00+00:00,0.8287776550139897,0.4750255671958428,0.46814964806708825,0.23774774200059662,0.333581392847583,0.4418970840404747,0.3821614361730202,0.3711747500993126,0.32672286
21,2024-01-17 14:25:00+00:00,0.8309773621285221,0.4792840292729888,0.5053070387072764,0.30721967211956047,0.23799971369745876,0.39862497137110214,0.30758262448159146,0.24906880136512205,0.25160104
21,2024-01-17 14:26:00+00:00,0.833323988435564,0.4102616794740919,0.41951832439508613,0.22395475173419743,0.3130934898010226,0.41648072311996825,0.3216299109044707,0.31771452375490106,0.31579566
21,2024-01-17 14:27:00+00:00,0.8355978795094294,0.42381204907152054,0.4238447230627241,0.22395475173419743,0.3138093384358381,0.4155202008686576,0.3270887860260252,0.31734896891063896,0.28299433
21,2024-01-17 14:28:00+00:00,0.8377781566749843,0.449207881796927,0.44797957937401056,0.22395475173419743,0.35301085026858636,0.4364821821898832,0.36193115298959927,0.31290024247350584,0.30652478
21,2024-01-17 14:29:00+00:00,0.8400477452843472,0.44194684094351594,0.4473656911309885,0.22395475173419743,0.3531824660722075,0.4086991441644893,0.36776677501042987,0.3760405492492476,0.341231
21,2024-01-17 14:30:00+00:00,0.8423540380673681,0.5050146833740832,0.5007248161942249,0.22395475173419743,0.35053942042743574,0.4373862224209479,0.4148169279901363,0.40082181356656305,0.39938012
21,2024-01-17 14:31:00+00:00,0.844574288546936,0.45946477582652673,0.4546915519413645,0.22395475173419743,0.3534702746123017,0.44765702708764804,0.4080198251816068,0.37589592354074824,0.3947853
21,2024-01-17 14:32:00+00:00,0.8467985109911416,0.4693061353007955,0.4710209505747927,0.22395475173419743,0.32629010199146785,0.45440345271980476,0.41142236551429334,0.38932591219276363,0.40426973
21,2024-01-17 14:33:00+00:00,0.8490794950418245,0.4490706554880011,0.46256679061285044,0.22395475173419743,0.3359353060659837,0.45523735162190404,0.40738808431889556,0.38675533860498085,0.39923018
21,2024-01-17 14:34:00+00:00,0.8513286899004393,0.4959836847010189,0.5027355925814465,0.5028713167029528,0.3487803551674711,0.4539720819172367,0.4257662048256205,0.4231064054283713,0.42074412
21,2024-01-17 14:35:00+00:00,0.8535298338850691,0.4842207312836702,0.4875898000033768,0.5028713167029528,0.3285630888371428,0.44490847618386264,0.41338631331866,0.4089711670196218,0.39345714
21,2024-01-17 14:36:00+00:00,0.8558049261600421,0.526851335512927,0.5257457651229954,0.5028713167029528,0.3145713735568827,0.4290712261745178,0.39907188842635394,0.4101153814342263,0.37837178
21,2024-01-17 14:37:00+00:00,0.8580903326127794,0.48470417006066985,0.4869948999382051,0.5028713167029528,0.3437802147015543,0.43173311874691184,0.4257662048256205,0.40598957865810664,0.40487593
21,2024-01-17 14:38:00+00:00,0.8603702477092557,0.5470894284557324,0.5375429260724156,0.5028713167029528,0.3636673085438049,0.44374670638866015,0.45391524656283616,0.44052740576076777,0.4131701
21,2024-01-17 14:39:00+00:00,0.862601426462787,0.47828943953921016,0.4825851164354255,0.5028713167029528,0.3529813754247465,0.42350673062789823,0.44846180365941984,0.4307174511218538,0.4074564
21,2024-01-17 14:40:00+00:00,0.8648500673191045,0.4537626997431557,0.4603977535711188,0.5028713167029528,0.3257535628332349,0.421857618292198,0.4257725371316828,0.4348867081484461,0.39064947
21,2024-01-17 14:41:00+00:00,0.8671146145310448,0.4941726128380038,0.49822591310064257,0.5028713167029528,0.35191972092608176,0.43825532117891913,0.4491235799994399,0.44830474276566734,0.4340245
21,2024-01-17 14:42:00+00:00,0.8693948727832267,0.5108309272955958,0.5174266772010421,0.5028713167029528,0.36062864453355203,0.4215688404722865,0.460805815816235,0.45790815012976793,0.44144005
21,2024-01-17 14:43:00+00:00,0.8716275232223263,0.5111317725861073,0.5175637225683449,0.5028713167029528,0.3708382903156349,0.43394655144424754,0.47847928109483456,0.45438020527388284,0.44759858
21,2024-01-17 14:44:00+00:00,0.8738247981620262,0.4712140475241085,0.4850848136578236,0.5028713167029528,0.33545284349208626,0.4133663488291454,0.42935802600594375,0.4501356866753365,0.4087289
21,2024-01-17 14:45:00+00:00,0.8760968768452565,0.4842300963627824,0.5001485837411711,0.5028713167029528,0.3560453463115575,0.4133255046736098,0.4670965371864612,0.45206186251385577,0.45336273
21,2024-01-17 14:46:00+00:00,0.8784172932378684,0.4906395309975236,0.5052995507040546,0.5028713167029528,0.35505640054553833,0.40589770141874937,0.4726991997139984,0.46639002623942255,0.44871065
21,2024-01-17 14:47:00+00:00,0.880635537262971,0.48951011365768654,0.49964008228702567,0.5028713167029528,0.3633329643881328,0.45036575259809325,0.4927165836156241,0.5082410015196753,0.46163455
21,2024-01-17 14:48:00+00:00,0.8828383793175989,0.4497285780431644,0.4527186383166517,0.5028713167029528,0.35137343056914777,0.40865781815012747,0.4644593600786167,0.45580808824191016,0.4292559
21,2024-01-17 14:49:00+00:00,0.8851527990851784,0.4975537580512773,0.5013367787604,0.5028713167029528,0.3674399097268213,0.4143123778559981,0.4726991997139984,0.46441160780502483,0.45030543
21,2024-01-17 14:50:00+00:00,0.8874535127084612,0.5165928464028995,0.5206875441376744,0.5028713167029528,0.36213277420095474,0.3962134783635467,0.46786510829265976,0.45944166917825635,0.44201592
21,2024-01-17 14:51:00+00:00,0.8896239576967611,0.49481865053399116,0.5023475046825825,0.5028713167029528,0.4006695029529043,0.44361750482524626,0.5089701933370742,0.5022948145729961,0.50598896
21,2024-01-17 14:52:00+00:00,0.8918627071784674,0.5394395918474175,0.5444900258198146,0.5028713167029528,0.34992643822751685,0.3865059953567149,0.468137045634279,0.4569107649567059,0.40904647
21,2024-01-17 14:53:00+00:00,0.8942048421788018,0.5532175666903432,0.560248097286986,0.5028713167029528,0.37236564309275216,0.39490159771925504,0.4843144645536162,0.4563854327719091,0.44562364
21,2024-01-17 14:54:00+00:00,0.8964354441100236,0.5261521051128608,0.5280122783983695,0.5028713167029528,0.3633615105288441,0.40302542523952534,0.4736557256367547,0.4592891314727274,0.42227706
21,2024-01-17 14:55:00+00:00,0.8986271369127877,0.5299569055754203,0.5282501909469867,0.5028713167029528,0.3602109209480074,0.39494103921673024,0.5026794210174075,0.4667726611528162,0.4351798
21,2024-01-17 14:56:00+00:00,0.9009185256096511,0.47936876102866016,0.490519331329218,0.5028713167029528,0.35843818464483573,0.3881963716161425,0.46282511002804,0.4682902900911656,0.440078
21,2024-01-17 14:57:00+00:00,0.9031850770579366,0.5537946953421131,0.552687486164225,0.5028713167029528,0.363849142958116,0.40542150088983453,0.4830608292971878,0.4712901064604418,0.43682703
21,2024-01-17 14:58:00+00:00,0.9053698686756568,0.47196491593463025,0.4915016757391224,0.5028713167029528,0.35006966545047985,0.399277148533378,0.4601996177266648,0.4578532936596149,0.42535096
21,2024-01-17 14:59:00+00:00,0.9076271763372218,0.5029003182801035,0.509440367651694,0.5028713167029528,0.34654346761060045,0.3982414775532421,0.46035948685844214,0.45255438837923273,0.4071737
21,2024-01-17 15:00:00+00:00,0.9099347633868351,0.4967842248117243,0.5042077394045505,0.5028713167029528,0.37894127349316215,0.4029688610299259,0.46562368581003916,0.4512111054644465,0.4258516
21,2024-01-17 15:01:00+00:00,0.912209902545135,0.5462341638485442,0.5547155464537884,0.5028713167029528,0.376279547089525,0.4107224827138317,0.4590789070279792,0.43977012765692175,0.44168195
21,2024-01-17 15:02:00+00:00,0.9144317349605829,0.5261835254694911,0.5344807664694915,0.5028713167029528,0.371556620024885,0.40893894792897373,0.47529435686313565,0.44662442865411844,0.45031205
21,2024-01-17 15:03:00+00:00,0.9166850753751778,0.5112769183428783,0.5165847328873918,0.5028713167029528,0.35324556763861853,0.38436929832473404,0.4361873545152151,0.4453673159339274,0.43360925
21,2024-01-17 15:04:00+00:00,0.9189500766224815,0.5766313456737815,0.5638049869945512,0.5028713167029528,0.37323897283228696,0.39845848795412636,0.4359596307532997,0.44598171647882995,0.45345044
21,2024-01-17 15:05:00+00:00,0.9212318777086017,0.538930897912087,0.5418065578125346,0.5028713167029528,0.37163144765569256,0.4037100063955501,0.4503745591355952,0.4445570326769915,0.4486032
21,2024-01-17 15:06:00+00:00,0.9234723159973423,0.5504199812784667,0.5529371660061075,0.5028713167029528,0.34975335615541586,0.39979205227058706,0.4184365670737953,0.4442011720262349,0.43109474
21,2024-01-17 15:07:00+00:00,0.9256707999235059,0.4890009640821856,0.49409249215318624,0.5028713167029528,0.341907779571334,0.37501164584385277,0.41896448165043104,0.45208073806414284,0.42686746
21,2024-01-17 15:08:00+00:00,0.9279286038991634,0.5271140287987315,0.5343508573079235,0.5028713167029528,0.38384803728800776,0.40105781006204405,0.4359596307532997,0.44539285768176534,0.44476977
21,2024-01-17 15:09:00+00:00,0.930240265670791,0.5733050543646985,0.5732422881211615,0.5028713167029528,0.364997351103975,0.412194273555589,0.4439811925623167,0.44354369844075614,0.43569258
21,2024-01-17 15:10:00+00:00,0.9324864356707908,0.5610591153640745,0.5642187676734965,0.5028713167029528,0.3618305722148895,0.41480699562978474,0.41797707671880213,0.4504159948685046,0.42678666
21,2024-01-17 15:11:00+00:00,0.934686535761679,0.5483706943678994,0.5505029951476499,0.5028713167029528,0.3642098177844606,0.40039533600522326,0.4183577822445192,0.4559620926130257,0.43729103
21,2024-01-17 15:12:00+00:00,0.9369817334227464,0.5668380571083116,0.5757113485660221,0.6905202806819061,0.3931232075922041,0.4253540197219934,0.4519502612967039,0.4636820890684353,0.45338678
21,2024-01-17 15:13:00+00:00,0.9392878442559004,0.5005557545434578,0.5124127752219748,0.5028713167029528,0.3642161427388636,0.42089266865196556,0.4222761070132227,0.45063706448918234,0.43501472
21,2024-01-17 15:14:00+00:00,0.9414523089970863,0.5415772153757934,0.5481968931608644,0.5028713167029528,0.4010129866275167,0.43809263749177985,0.4654102804794609,0.5115077862433145,0.47773486
21,2024-01-17 15:15:00+00:00,0.9436773404444837,0.5388215457739971,0.5358672857633455,0.5028713167029528,0.3803557374555051,0.4185490782259957,0.43918952599892047,0.4608918553112537,0.45088455
21,2024-01-17 15:16:00+00:00,0.946028657672048,0.5417832034837535,0.5561638818673772,0.5028713167029528,0.3887184864898786,0.43600740292182444,0.4515874550868565,0.46379864048444025,0.45154914
21,2024-01-17 15:17:00+00:00,0.9482734496355009,0.5341887487488983,0.5379528050880913,0.6905202806819061,0.38551281774959456,0.4319232665540511,0.4474869030451557,0.46538894398915176,0.45802402
21,2024-01-17 15:18:00+00:00,0.9504583442429204,0.5929041847016414,0.5927367854848992,0.6905202806819061,0.36332373365041365,0.42322454939258863,0.43344713430163945,0.4752229876534231,0.46149027
21,2024-01-17 15:19:00+00:00,0.9527446429655098,0.5183658387640055,0.5162088828190063,0.6905202806819061,0.38605143865162483,0.443066156172295,0.4408195253936573,0.48449940798100244,0.4725497
21,2024-01-17 15:20:00+00:00,0.9550403931772025,0.5398983606229595,0.5485804878187451,0.6905202806819061,0.3804026873986372,0.4431460690877941,0.442645706537361,0.4588322002045207,0.4675007
21,2024-01-17 15:21:00+00:00,0.9572510279324963,0.5432602037802794,0.5484685174825272,0.6905202806819061,0.3842034572344458,0.4507730451639888,0.458052902653877,0.46049443146463775,0.4734568
21,2024-01-17 15:22:00+00:00,0.9594899137135156,0.5673698581623254,0.5596994820501446,0.3291258292383565,0.39991451180974136,0.44799201999409394,0.4656888371927995,0.4405565478563364,0.47623473
21,2024-01-17 15:23:00+00:00,0.9617729130112822,0.5484637758494668,0.549553255945292,0.3291258292383565,0.4057010064793477,0.4551826792565581,0.44441369809182035,0.4764680717484491,0.47474888
21,2024-01-17 15:24:00+00:00,0.964033638162435,0.5934795111036459,0.5909834818792163,0.3291258292383565,0.36667198947509294,0.46934062291353956,0.4522882233590691,0.4553329015550415,0.50711954
21,2024-01-17 15:25:00+00:00,0.9662435835595522,0.605640087375154,0.6024032832276176,0.3291258292383565,0.40002214831071586,0.4732124639576116,0.47190751822023685,0.4687548851537915,0.47093284
21,2024-01-17 15:26:00+00:00,0.9685097635642341,0.569976209627109,0.5696973255508677,0.3291258292383565,0.3834655667250534,0.45673107997050644,0.42753262210302595,0.45060073323838173,0.4495881
21,2024-01-17 15:27:00+00:00,0.970794335128898,0.5691701326920393,0.5697671983010817,0.3291258292383565,0.40908038617881703,0.4764134372564595,0.4552076817943734,0.45544744267805426,0.48077455
21,2024-01-17 15:28:00+00:00,0.9729855818961689,0.32066273734287054,0.4009721884740698,0.7402746206630971,0.6318875001738943,0.5542451391650165,0.6561356263318754,0.6544423777872447,0.632831
21,2024-01-17 15:29:00+00:00,0.975295748078077,0.4739621947862021,0.45475170007457294,0.7592560507390452,0.6530832354223755,0.6472577653855317,0.7117641736778647,0.6844140737414676,0.70855236
21,2024-01-17 15:30:00+00:00,0.9775462495381396,0.4912386717128628,0.4922737581150749,0.7592560507390452,0.6673532860381944,0.6459021130409657,0.7117641736778647,0.663939093241692,0.68843865
21,2024-01-17 15:31:00+00:00,0.9797983909860539,0.5116761630317055,0.5259904839976335,0.7592560507390452,0.650013771835215,0.6491496153767173,0.7117641736778647,0.6521102593122579,0.6732194
21,2024-01-17 15:32:00+00:00,0.9820480163116481,0.5512783351176691,0.5713994786422654,0.7592560507390452,0.6591257368047561,0.6513285395257272,0.7117641736778647,0.6572676563748592,0.6922899
21,2024-01-17 15:33:00+00:00,0.984302905352836,0.5454237742008208,0.5674784951938855,0.7592560507390452,0.6710770665347405,0.6511554130032835,0.7117641736778647,0.6896978669502196,0.7141678
21,2024-01-17 15:34:00+00:00,0.9865552863511523,0.5761050087001007,0.58217746546807,0.7809063648096399,0.6903632948897216,0.6570785430760612,0.7117641736778647,0.6995609432767895,0.7129179
21,2024-01-17 15:35:00+00:00,0.9888132109653174,0.6319118777480353,0.6212757784861744,0.7809063648096399,0.7035448479091755,0.6627967107631371,0.7117641736778647,0.6917832325271207,0.7148088
21,2024-01-17 15:36:00+00:00,0.991072439913399,0.5649352866970294,0.585911961022193,0.7809063648096399,0.6959926710803291,0.6613097088476039,0.7117641736778647,0.6818740884197902,0.70601606
21,2024-01-17 15:37:00+00:00,0.9933275157894459,0.6199232803703265,0.6138197577503517,0.7809063648096399,0.695598280585419,0.664547660853583,0.7117641736778647,0.6686052385023556,0.68938243
21,2024-01-17 15:38:00+00:00,0.9955744403901506,0.5821169456275759,0.5931956670090929,0.7809063648096399,0.6968956905980728,0.6559143721108707,0.7021729777046972,0.6770936966035866,0.7040258
21,2024-01-17 15:39:00+00:00,0.9978285063956793,0.6113167504259711,0.6041810237304971,0.7809063648096399,0.6968888726649861,0.648513505937444,0.7021729777046972,0.6824427815114017,0.69979924
21,2024-01-17 15:40:00+00:00,0.9994569704269101,0.6137899051893716,0.604561600140719,0.7809063648096399,0.6885084180920509,0.657780042728017,0.7729508314224762,0.6954074505136892,0.722355
22,2024-01-18 09:10:00+00:00,0.0012303910687696041,-0.028214673529733947,-0.1708725490044566,0.0018819165558397288,0.0039769200094385325,0.10005713498227285,-0.1167272410954718,-0.027730997394726262,-0.021650147
22,2024-01-18 09:11:00+00:00,0.0032456974712001345,-0.07166960252221011,-0.13810201922538,0.22708815275047156,0.12099781793263437,0.04542490402424384,0.15692034478658667,-0.017681962609726116,-0.008023448
22,2024-01-18 09:12:00+00:00,0.0054978454344245566,-0.0340396412006716,0.05742922663596289,0.22708815275047156,0.08297147414268714,0.10279103433679275,0.13031536474832817,-0.10823249223105041,-0.040292215
22,2024-01-18 09:13:00+00:00,0.008048542994048566,0.009717419555059836,0.005648164421502622,0.027505789944354635,0.07489144060845065,0.05805474920118763,0.13356120855029818,0.11759983713567616,0.08137849
22,2024-01-18 09:14:00+00:00,0.010018622008317055,0.11929555723171831,0.12882891876577401,0.027505789944354635,0.04668514584776992,0.05013891806827139,0.1183475841800486,0.05443241508490525,0.05713172
22,2024-01-18 09:15:00+00:00,0.012491548000462,0.1316843942868267,0.15913070881796687,0.6729527732043515,0.356466712787086,0.11692994084298247,0.30043599107432145,0.18343396523625735,0.13564733
22,2024-01-18 09:16:00+00:00,0.014351847729768687,0.22047814524595127,0.2553541948955005,0.6729527732043515,0.3899052242212872,0.20062345017754651,0.35226125221227655,0.24696014425660917,0.20172319
22,2024-01-18 09:17:00+00:00,0.01669618133243875,0.3197212159417089,0.3560914133943307,0.16152139898712364,0.178748503381158,0.23794131817572095,0.30004705605712034,0.1315575239289795,0.17669195
22,2024-01-18 09:18:00+00:00,0.01911784518942899,0.17409489907691583,0.17448165033214996,0.3922903269697122,0.2754097704002669,0.2651839196718606,0.37528629190123963,0.22487157138890776,0.18191719
22,2024-01-18 09:19:00+00:00,0.02112357775894732,0.1782848092213683,0.19316771986754877,0.3922903269697122,0.18487017031233008,0.286829657527652,0.33095298103210075,0.18341381220707387,0.14865074
22,2024-01-18 09:20:00+00:00,0.02353114357011435,0.3074065973664095,0.29367139588236935,0.30721967211956047,0.32812739935994545,0.31209973509576266,0.5438944319125285,0.2532691360137088,0.31928578
22,2024-01-18 09:21:00+00:00,0.025767548506280158,0.33428200519505014,0.3285953724737571,0.30721967211956047,0.4242605517390914,0.300266982927024,0.5345326697144999,0.28946155609985813,0.33869338
22,2024-01-18 09:22:00+00:00,0.027996472364647036,0.32474617104411285,0.32811144452218177,0.30721967211956047,0.4844239734008058,0.3536419736803184,0.5722733591943681,0.32485726009187577,0.35190395
22,2024-01-18 09:23:00+00:00,0.030284085726641888,0.35504682630578577,0.35289850765842434,0.30721967211956047,0.4739097960368168,0.3768611803186691,0.5726322596661934,0.32999712573528406,0.36827466
22,2024-01-18 09:24:00+00:00,0.03258672132548162,0.4119318280308116,0.4198308078562515,0.30721967211956047,0.4655248692471805,0.38094707759407936,0.5607423956285466,0.3170724714775199,0.36756015
22,2024-01-18 09:25:00+00:00,0.03482069892211882,0.4659776465421737,0.45709738598398575,0.30721967211956047,0.44355352150567334,0.36592915269045395,0.5691732794633612,0.35196052696389263,0.36433396
22,2024-01-18 09:26:00+00:00,0.03702780846797074,0.3806916959599396,0.3863648708574082,0.30721967211956047,0.4431856150674585,0.35031319834538155,0.5525341002974471,0.36390716257765454,0.36321566
22,2024-01-18 09:27:00+00:00,0.03928992192921887,0.3826628829537078,0.389402000774079,0.30721967211956047,0.4380763769488401,0.3461704193573984,0.5717017864389037,0.3799263022481736,0.4494008
22,2024-01-18 09:28:00+00:00,0.041586471509590904,0.4649526189819145,0.46058634943936977,0.30721967211956047,0.479967136844361,0.4051730242796671,0.5671623971738846,0.47961480554818725,0.4894115
22,2024-01-18 09:29:00+00:00,0.04381007048198637,0.46451286081016324,0.46134317269285097,0.30721967211956047,0.500871909151606,0.4095163740045472,0.5740842035740354,0.5531058816299362,0.53781813
22,2024-01-18 09:30:00+00:00,0.046070576933067084,0.5043384238226323,0.4829298741327085,0.6729527732043515,0.5530282464126478,0.4155143036690149,0.5955723551268064,0.6195409818288053,0.55021155
22,2024-01-18 09:31:00+00:00,0.04833179577448079,0.49894912696015187,0.48231162250866777,0.3291258292383565,0.4399740212892042,0.40619272376324295,0.5652755319157893,0.5792343616901529,0.54444337
22,2024-01-18 09:32:00+00:00,0.05061812361109389,0.5380462193543014,0.5157732805450425,0.3291258292383565,0.3928287604638981,0.3978464814498895,0.5837665562300526,0.5187509460490158,0.5359485
22,2024-01-18 09:33:00+00:00,0.052911533303530794,0.5483000007649808,0.5396016400101417,0.3291258292383565,0.42378711691395726,0.42827700445427846,0.644193824970995,0.5241887147793695,0.572478
22,2024-01-18 09:34:00+00:00,0.05518564988910903,0.5302600827080846,0.5240799153870449,0.3291258292383565,0.3624941331755398,0.3552659395848126,0.48168749953803075,0.28881830471476744,0.3658957
22,2024-01-18 09:35:00+00:00,0.05726823969699926,0.5059295739315868,0.488923113055552,0.3291258292383565,0.30151966289486104,0.3434799033979169,0.42234631274138784,0.2838999644211716,0.35462707
22,2024-01-18 09:36:00+00:00,0.05964147891555466,0.5006277012897127,0.5212488705849937,0.3291258292383565,0.4593138490183215,0.4916053557422819,0.6749986628394159,0.5484749483482425,0.566762
22,2024-01-18 09:37:00+00:00,0.06187936116981246,0.5633039565495128,0.5610313919095697,0.3291258292383565,0.5062610385842868,0.5585038036579586,0.7342749346548014,0.6113828727113665,0.6070525
22,2024-01-18 09:38:00+00:00,0.06406894041958955,0.5977745086720518,0.5927488064990553,0.3291258292383565,0.5391959229006229,0.6061106275257447,0.7561273677620401,0.6199487043693915,0.58345985
22,2024-01-18 09:39:00+00:00,0.06637255964408008,0.5792944286520374,0.5855498273448325,0.3291258292383565,0.561269486874655,0.6281819793673808,0.7600597294065573,0.678508380996308,0.5960177
22,2024-01-18 09:40:00+00:00,0.06861857549079255,0.6046011846053148,0.6013717532890226,0.5404154955652963,0.6350726917137819,0.6148515122892054,0.775393827678144,0.6973741828187142,0.64433783
22,2024-01-18 09:41:00+00:00,0.07086873464259404,0.5871147214133452,0.5927086392839356,0.5404154955652963,0.6416322550371812,0.5448579711151985,0.767984102735695,0.7082385080786825,0.6647649
22,2024-01-18 09:42:00+00:00,0.07306966198754225,0.5107013035581098,0.520622561165709,0.5404154955652963,0.560856779775786,0.5078609965377904,0.6502154717288817,0.496383233112777,0.57224834
22,2024-01-18 09:43:00+00:00,0.07537193721592132,0.5126232300849924,0.5197695935161475,0.5404154955652963,0.5155541241968685,0.5322699976872071,0.7229276873117799,0.6343807738292616,0.6445888
22,2024-01-18 09:44:00+00:00,0.07766847580099377,0.5564674193455219,0.562314626796794,0.5404154955652963,0.7246628529104991,0.6552255391332144,0.7852880955138366,0.8023578712824572,0.76093966
22,2024-01-18 09:45:00+00:00,0.079880956471014,0.5657550769756496,0.5702848900496204,0.5404154955652963,0.7096359939468203,0.6667846258660158,0.7764233200593544,0.8076762947778924,0.7551235
22,2024-01-18 09:46:00+00:00,0.08214180000770707,0.5695129364298661,0.5794552644006454,0.5404154955652963,0.7216892942674868,0.6767378274416276,0.781814322396308,0.698531229656399,0.7365661
22,2024-01-18 09:47:00+00:00,0.0844010132218839,0.5686852124669413,0.5824128818566436,0.5404154955652963,0.6467613721974228,0.6328463061858598,0.7438318797272298,0.7027699448048599,0.6954305
22,2024-01-18 09:48:00+00:00,0.08668039049875799,0.5939253498522832,0.5951794584127804,0.5404154955652963,0.6948032281182607,0.6872201469088344,0.7524336151400087,0.7098509133367564,0.7411112
22,2024-01-18 09:49:00+00:00,0.08888092258906233,0.6110255112318734,0.6110678957736664,0.6333396958684491,0.6289265130887678,0.645680155008002,0.7679837768469052,0.7302012535538247,0.7007235
22,2024-01-18 09:50:00+00:00,0.09121167055739125,0.5759648060141207,0.5839983895339668,0.6333396958684491,0.647219861939068,0.5899453470837592,0.681914671928028,0.6188220844590714,0.5889352
22,2024-01-18 09:51:00+00:00,0.093339153616233,0.6707530382639031,0.6243259111678526,0.6333396958684491,0.43008619905089396,0.5851661135025793,0.6299958747667526,0.5832662600257011,0.5033232
22,2024-01-18 09:52:00+00:00,0.09564262195256637,0.6629275161911434,0.6681276176286071,0.6333396958684491,0.6059781894657366,0.6841490719674013,0.775529072272118,0.683267596410815,0.692051
22,2024-01-18 09:53:00+00:00,0.09796538352492372,0.6918811851086368,0.697967316756613,0.6333396958684491,0.7872162696072229,0.7925073405747274,0.8420392723207634,0.8432537178611814,0.8021393
22,2024-01-18 09:54:00+00:00,0.10015707957002516,0.6939382324583625,0.696081811620725,0.6333396958684491,0.7803205531271529,0.78730936836061,0.8536162334368301,0.8411946000587381,0.81618583
22,2024-01-18 09:55:00+00:00,0.10246415607414353,0.6837095960930091,0.6830897791361729,0.6333396958684491,0.768198203062637,0.7834563265737208,0.8337066846862156,0.8320136699488481,0.8319452
22,2024-01-18 09:56:00+00:00,0.1047024064362077,0.6560498477537893,0.662016214221815,0.6333396958684491,0.7840516041140302,0.7873544734186592,0.8700513285853048,0.8347426396573672,0.83419806
22,2024-01-18 09:57:00+00:00,0.10696008553996693,0.6282381305544735,0.6308615084207422,0.6333396958684491,0.7273332321017212,0.7459893850763409,0.7810526143323505,0.800845437724699,0.8152096
22,2024-01-18 09:58:00+00:00,0.10910247127474093,0.6043746095376057,0.6200420479901232,0.6333396958684491,0.683834326653389,0.730158164127784,0.7729252382729477,0.7670713940723651,0.80906194
22,2024-01-18 09:59:00+00:00,0.11141780863651365,0.6389494498289636,0.6461284507422657,0.6333396958684491,0.7710072179914554,0.7666887057188992,0.8400636559184951,0.845236876613835,0.8480245
22,2024-01-18 10:00:00+00:00,0.11373547584193096,0.6604814739041847,0.6693333801873421,0.6333396958684491,0.7636650483555127,0.7815565964403063,0.8341490432959324,0.8546735971248659,0.8429732
22,2024-01-18 10:01:00+00:00,0.11596907132768837,0.6654781128758103,0.6672467628844708,0.6333396958684491,0.7752176288621251,0.7822147960535357,0.8341490432959324,0.864780880503058,0.8406317
22,2024-01-18 10:02:00+00:00,0.11819893080730083,0.6759359454454321,0.6771233657790731,0.6333396958684491,0.7582016127071717,0.7860607500320316,0.8283103963205622,0.8606432188277895,0.83863944
22,2024-01-18 10:03:00+00:00,0.1204614837106378,0.6641268956813469,0.6685068215611764,0.6333396958684491,0.7344201587746149,0.7501010296523757,0.7791411564544127,0.859720782252477,0.80542284
22,2024-01-18 10:04:00+00:00,0.12275836083373591,0.680079069187761,0.6876561615935778,0.6333396958684491,0.7383800078668421,0.7380703574696933,0.786238223662621,0.7898917865682792,0.7785056
22,2024-01-18 10:05:00+00:00,0.12501833095069248,0.6634836465104597,0.6775331811267038,0.6333396958684491,0.5867172313768947,0.663720103547851,0.6710308272207759,0.6750977852812446,0.6737986
22,2024-01-18 10:06:00+00:00,0.12724198454092447,0.639708200486472,0.6454446158038004,0.6333396958684491,0.7186369064081417,0.7070317248922975,0.7205446605756389,0.7315094519101221,0.72193974
22,2024-01-18 10:07:00+00:00,0.12952397716679545,0.7451100097944447,0.7347436856382152,0.7558213930242388,0.5921343760350165,0.6881805550286786,0.7239756619606761,0.720650615319912,0.6793236
22,2024-01-18 10:08:00+00:00,0.1317868753511209,0.7787700546089904,0.7822496497107285,0.7809063648096399,0.7992953682240986,0.7734374586059727,0.8659495986172584,0.7957422794523056,0.847908
22,2024-01-18 10:09:00+00:00,0.13402355419778392,0.74664323339299,0.7476947861847643,0.7809063648096399,0.7797724228141101,0.7886746740676639,0.8840295029484924,0.8742752880804251,0.872248
22,2024-01-18 10:10:00+00:00,0.13628435933014854,0.7605898823190493,0.7580809968053559,0.7809063648096399,0.7599551112067376,0.7846439701806774,0.8796315337888776,0.8572982049819124,0.84377974
22,2024-01-18 10:11:00+00:00,0.1385219319867851,0.7417512729169071,0.7526605297807207,0.7809063648096399,0.7723400722108849,0.7774482501922049,0.8778775819441763,0.849854712050229,0.84230316
22,2024-01-18 10:12:00+00:00,0.14083459868464793,0.7542829230634367,0.7633301968702844,0.7809063648096399,0.7495004188038475,0.7635117592304651,0.8760514008004726,0.8023032318340172,0.84482217
22,2024-01-18 10:13:00+00:00,0.14310091576821518,0.7505420530108009,0.7513482789390332,0.7809063648096399,0.6760540922591048,0.7136208392024458,0.7906843927816806,0.7331012934934521,0.75509936
22,2024-01-18 10:14:00+00:00,0.14524467956511028,0.6493085901120357,0.652578459570946,0.7809063648096399,0.7106909437747961,0.7123543645935444,0.7968618403959127,0.7522189476113083,0.8152786
22,2024-01-18 10:15:00+00:00,0.14752137618977235,0.716582868825121,0.7256900078718953,0.7809063648096399,0.7800673145516046,0.7903791826622734,0.8687315645310807,0.8760079892467124,0.8729368
22,2024-01-18 10:16:00+00:00,0.1497965628501563,0.701957465106859,0.712086772045917,0.7809063648096399,0.7867457860089686,0.7861226793393624,0.8527651823419666,0.8773843304379801,0.8479721
22,2024-01-18 10:17:00+00:00,0.15205330000848988,0.7231473126809651,0.7331357998684126,0.7809063648096399,0.7943569556682556,0.7798125057550296,0.836541842402323,0.8801823704783702,0.84071463
22,2024-01-18 10:18:00+00:00,0.15431049675677744,0.7343428056120929,0.7346315016106113,0.7809063648096399,0.7884193971674163,0.7863264796059045,0.8383680235460267,0.8774236336054813,0.8492658
22,2024-01-18 10:19:00+00:00,0.15656662798104623,0.7251941043817478,0.7375469485549514,0.7809063648096399,0.7711153490693057,0.7863166382747497,0.8277007908651447,0.8652453384266867,0.8773994
22,2024-01-18 10:20:00+00:00,0.15884306312479332,0.7378506798537794,0.742218507731839,0.7809063648096399,0.7109322726210814,0.7389129486596457,0.7738678704690785,0.7484980755573817,0.7684267
22,2024-01-18 10:21:00+00:00,0.16113323703591428,0.747118798128517,0.7483652526673917,0.7809063648096399,0.7059669565791888,0.7153820835518229,0.7282318373810062,0.7132714773756252,0.72134715
22,2024-01-18 10:22:00+00:00,0.16327643581552462,0.7252387737779453,0.704725864186223,0.7809063648096399,0.6774821033329415,0.7190739359302666,0.6977422134250948,0.6443936169744959,0.7114644
22,2024-01-18 10:23:00+00:00,0.16556207625585362,0.7906357930909738,0.823965786269435,0.7809063648096399,0.7118142560627789,0.7540735627632388,0.7595378042500847,0.6750474563630797,0.7392371
22,2024-01-18 10:24:00+00:00,0.1678175997411025,0.8064191951259891,0.8131653931732108,0.7809063648096399,0.7911365059151093,0.8000059915515103,0.8580721550259266,0.7605866369609223,0.83467203
22,2024-01-18 10:25:00+00:00,0.1700595862587339,0.8287584915355923,0.8328187830941576,0.7809063648096399,0.7830111405557448,0.8054918513790974,0.8921184415462746,0.7935547926939756,0.8657034
22,2024-01-18 10:26:00+00:00,0.1723099843525556,0.7888900139349602,0.8034219799180693,0.7809063648096399,0.7822388178434201,0.8026915900169557,0.8877071387781911,0.7534133706369759,0.8404756
22,2024-01-18 10:27:00+00:00,0.17457638188235372,0.8306339278813786,0.8293623350906902,0.7809063648096399,0.7780999455260571,0.7915034698043348,0.868570310006943,0.7555138405199223,0.8495159
22,2024-01-18 10:28:00+00:00,0.17677711670203408,0.7908088260674884,0.8034553705820777,0.7809063648096399,0.7638531427075254,0.7851512361860363,0.8740385372150407,0.7448013369717706,0.8505052
22,2024-01-18 10:29:00+00:00,0.17905576158297246,0.7723922044097482,0.7835569936497095,0.7809063648096399,0.757880871738588,0.7651069572820111,0.8057535423718467,0.7480581516541069,0.79574645
22,2024-01-18 10:30:00+00:00,0.18135465245567509,0.7428654942761335,0.7491334633425408,0.7809063648096399,0.7792269222572181,0.7644216806888972,0.8310749755838974,0.7576239716520267,0.83039916
22,2024-01-18 10:31:00+00:00,0.18360176703484374,0.7689057889949242,0.7826120745396898,0.7809063648096399,0.8017613983696881,0.7950398741503893,0.8538155266289704,0.8220226669193712,0.8538927
22,2024-01-18 10:32:00+00:00,0.18585585757877357,0.807897235070898,0.8080509455793965,0.7809063648096399,0.7868540435726145,0.8032810165908351,0.8534955564545874,0.8335643356403472,0.853972
22,2024-01-18 10:33:00+00:00,0.1881145173438198,0.8038517433000818,0.8241744544293961,0.7809063648096399,0.791020744571188,0.8019780600971999,0.8497526004540903,0.8232894834206425,0.84528464
22,2024-01-18 10:34:00+00:00,0.19036772837323848,0.7845844850606558,0.7955175979741189,0.7809063648096399,0.769738196695708,0.7967826092786946,0.7942538077522925,0.8236293752598957,0.78606087
22,2024-01-18 10:35:00+00:00,0.1926485988085931,0.8402645631371213,0.849344564624549,0.7809063648096399,0.7877004616685466,0.8061116586856403,0.8352833854218644,0.8236055523815382,0.8477424
22,2024-01-18 10:36:00+00:00,0.19491502461001822,0.8322369777771459,0.8377887683111005,0.7809063648096399,0.7817262771972405,0.7868365716863434,0.7883084885586419,0.7651975681204897,0.82000905
22,2024-01-18 10:37:00+00:00,0.19725926293631363,0.8189289544266032,0.8176619416084684,0.7809063648096399,0.7650975889456809,0.7751979650902631,0.7539590647079469,0.6756500144996777,0.7561141
22,2024-01-18 10:38:00+00:00,0.19934252350367718,0.8091009262505213,0.7699432659749338,0.7809063648096399,0.7061305184302399,0.7653629273506247,0.7051990017612302,0.6661796689811708,0.67308414
22,2024-01-18 10:39:00+00:00,0.20162156789400146,0.824248204843206,0.8468127539272643,0.7809063648096399,0.7905162343942472,0.8214986920436229,0.8386476352235267,0.7716623802218482,0.85016555
22,2024-01-18 10:40:00+00:00,0.20396292930474083,0.83627982110279,0.8522638111453849,0.7809063648096399,0.7910699674941899,0.8288544759995291,0.8741162746253316,0.8148943973205435,0.8680877
22,2024-01-18 10:41:00+00:00,0.20616306119367378,0.8426401119755607,0.8581584117975783,0.7809063648096399,0.7865632132357104,0.8377195277705373,0.8725946282732748,0.8075962953143603,0.8671841
22,2024-01-18 10:42:00+00:00,0.2084144955605986,0.8795751223179118,0.9003470662338678,0.7809063648096399,0.8000830448798111,0.8357794110313191,0.8789387753609949,0.756886462626258,0.8668248
22,2024-01-18 10:43:00+00:00,0.21062367927706796,0.8376868274635139,0.8518874873189639,0.7809063648096399,0.7914801980507274,0.8305213194772587,0.8788352272839428,0.8078660362017817,0.8629045
22,2024-01-18 10:44:00+00:00,0.21294329179537605,0.8709407715594604,0.8860407819290363,0.7809063648096399,0.7977374950534014,0.8302310737707401,0.8514671606280647,0.7680912874406175,0.86690074
22,2024-01-18 10:45:00+00:00,0.2151114327291001,0.7998836342266396,0.821167881812022,0.7809063648096399,0.8067090923614834,0.8410022629041902,0.8227508033990486,0.7617618783537392,0.85875875
22,2024-01-18 10:46:00+00:00,0.2174073239467103,0.8445354728682108,0.8489632229573134,0.7809063648096399,0.8672857485109842,0.8348912297758343,0.8621284949124217,0.842978231437134,0.8857449
22,2024-01-18 10:47:00+00:00,0.2196579755536819,0.8991666550161186,0.9020571746606474,0.7809063648096399,0.8517494635647499,0.8561414574463236,0.8869703706258236,0.8415251621347043,0.8894554
22,2024-01-18 10:48:00+00:00,0.22193727227389787,0.8625907848226662,0.8780637548218688,0.7809063648096399,0.8505837452365225,0.8589736406200402,0.8851334714123142,0.8474355846384376,0.8901084
22,2024-01-18 10:49:00+00:00,0.22418970954768083,0.8718954675518393,0.8874775423437464,0.7809063648096399,0.8700802917815016,0.8577359633130754,0.86510416304832,0.8365333476664012,0.8952647
22,2024-01-18 10:50:00+00:00,0.22643116351062417,0.9097084020670461,0.9128078060334914,0.7809063648096399,0.8640272381508883,0.8504457380222372,0.8199312617636274,0.8410570474976701,0.89288026
22,2024-01-18 10:51:00+00:00,0.22872071366376062,0.9180099777623825,0.9248291019184282,0.7809063648096399,0.8430298054903118,0.8437467365757441,0.8580655687375416,0.8492477497695781,0.90104175
22,2024-01-18 10:52:00+00:00,0.23086551737442926,0.8814370519011558,0.9013536166339262,0.7809063648096399,0.7779139569230409,0.8390247260976955,0.8380150869844999,0.7388080485801405,0.87204206
22,2024-01-18 10:53:00+00:00,0.23316712856627245,0.8251487798191071,0.8491063841686031,0.7809063648096399,0.715297077335547,0.8184259243140843,0.7804220197347901,0.7407645462513816,0.80218494
22,2024-01-18 10:54:00+00:00,0.23544448955937783,0.9447985346252231,0.9138492469554625,0.8232075156398654,0.7400270539253438,0.7968446111905686,0.7037082257075911,0.6551096271744439,0.75722843
22,2024-01-18 10:55:00+00:00,0.23770992362086457,0.9395664231257843,0.9534304610901768,0.8232075156398654,0.7487787914500285,0.8134267755425794,0.9144440643305239,0.7759580957350258,0.8884581
22,2024-01-18 10:56:00+00:00,0.2399433634970655,0.9466739124765791,0.969197367313651,0.8232075156398654,0.7458554630995485,0.8154499531216884,0.9325239686617579,0.8370449564854251,0.89628494
22,2024-01-18 10:57:00+00:00,0.242198417586025,0.9212205062492242,0.9382658316671978,0.8232075156398654,0.7461527510982596,0.8154580370325875,0.9175700628497917,0.7703604577947888,0.892491
22,2024-01-18 10:58:00+00:00,0.244495041609593,0.9644887429585771,0.9768749086029215,0.8232075156398654,0.7489512307726656,0.8164436180640199,0.9258759208624977,0.8180893067395021,0.8937621
22,2024-01-18 10:59:00+00:00,0.2467443552427671,0.9199267737406354,0.9485733356016921,0.8232075156398654,0.7503901125152461,0.8243797417978901,0.9126178831868205,0.7891222346141825,0.8817789
22,2024-01-18 11:00:00+00:00,0.2490393959124407,0.9346246740524455,0.9500632396151398,0.8232075156398654,0.7633898599545375,0.8085022576020043,0.8951820438311285,0.7560078916975728,0.8924433
22,2024-01-18 11:01:00+00:00,0.25116427987979784,0.9428446958367303,0.9616958873842685,0.8232075156398654,0.7476175395807938,0.8129044440106381,0.8786891127907294,0.7614426706462992,0.8955522
22,2024-01-18 11:02:00+00:00,0.25344555776943967,0.9665074998789502,0.983923995041952,0.8232075156398654,0.7493162964411006,0.8139443994262088,0.9139303919340649,0.8615701231316111,0.9086053
22,2024-01-18 11:03:00+00:00,0.2557372094920444,0.9426355117597625,0.9566185859193658,0.8232075156398654,0.7451802835243363,0.8278633669585471,0.9172260302443462,0.8617549306080502,0.90092593
22,2024-01-18 11:04:00+00:00,0.25801313110012414,0.9596811506350786,0.9772459532712255,0.8232075156398654,0.7505037444017653,0.8337363635776418,0.9131631040694661,0.8860125131781874,0.8874428
22,2024-01-18 11:05:00+00:00,0.26028377469058495,0.9368404536257449,0.9558728764731967,0.8232075156398654,0.7538605119023759,0.8366295191914103,0.9346111007884923,0.8934828891574152,0.89237624
22,2024-01-18 11:06:00+00:00,0.2625351292058473,0.9431044040659535,0.9642330826464984,0.8232075156398654,0.7561047102115686,0.8430247797030125,0.9173626746166427,0.8971198165463878,0.89317334
22,2024-01-18 11:07:00+00:00,0.2648164466213623,0.9630842595238209,0.9848027664689433,0.9183778961281297,0.765278970762913,0.8445407872174371,0.8984161615523157,0.9076942050559389,0.90090036
22,2024-01-18 11:08:00+00:00,0.2670807635473947,0.9184668506267539,0.9437324798447655,0.9183778961281297,0.7785122048444959,0.8458570977539317,0.8648774644889765,0.8268874140362128,0.8712878
22,2024-01-18 11:09:00+00:00,0.2693346346460801,0.9694710396062798,0.9794192857107666,0.9183778961281297,0.7809683333198659,0.8671487399661211,0.8654830335072268,0.8037948690555609,0.8658402
22,2024-01-18 11:10:00+00:00,0.2716078031844513,0.96892032349135,1.0023622065048552,0.9183778961281297,0.8012979273077204,0.8622969155680557,0.8327042171504276,0.8108582024514421,0.8150826
22,2024-01-18 11:11:00+00:00,0.27376509576317076,1.045251678028004,1.059807445725991,0.9183778961281297,0.7816823814266649,0.8638881571330579,0.9412607453058677,0.8376563623781623,0.93280447
22,2024-01-18 11:12:00+00:00,0.27602086031795825,1.0371717129820714,1.0459569083279594,0.9183778961281297,0.784506592234699,0.8642420580319626,0.9593406496371016,0.9214633488220049,0.9372679
22,2024-01-18 11:13:00+00:00,0.27831551807859234,1.0281155914820552,1.0458289523986004,0.9183778961281297,0.7877608424312796,0.8716516165684078,0.9443867438251354,0.8383851550904295,0.9319235
22,2024-01-18 11:14:00+00:00,0.28056049077661555,0.9992924839508746,1.0268943616347492,0.9183778961281297,0.7896419021732017,0.8757264999713917,0.9443867438251354,0.8337921025022577,0.9231857
22,2024-01-18 11:15:00+00:00,0.2828274875159732,1.0191985680918636,1.0700581155685795,0.9183778961281297,0.7899385723791603,0.875073840992452,0.9412607453058677,0.8384132544149026,0.9354028
22,2024-01-18 11:16:00+00:00,0.2850955584607174,0.9753423931514662,1.0042693707544763,0.9183778961281297,0.8231110342116446,0.8723526579482278,0.8976092357996159,0.8374264263537532,0.9500263
22,2024-01-18 11:17:00+00:00,0.28729932198980246,0.972572647532745,0.991964956988427,0.9183778961281297,0.7936938115451996,0.8738268383528263,0.9231390593881263,0.8283807844922555,0.93791866
22,2024-01-18 11:18:00+00:00,0.2896017371374101,1.0035877960999722,1.0280504852441343,0.9183778961281297,0.7958274689879341,0.879225233608875,0.942072133797882,0.9421658473103612,0.9593712
22,2024-01-18 11:19:00+00:00,0.29183088566917553,1.0234535930518351,1.041813484871945,0.9183778961281297,0.7998133928219192,0.881096349028108,0.94061339470111,0.9463416395547525,0.9652013
22,2024-01-18 11:20:00+00:00,0.29407148783628045,1.0087465727811433,1.0302450707472295,0.9183778961281297,0.8062133861072794,0.8819363418099433,0.9365504685262299,0.9550487014436512,0.95561457
22,2024-01-18 11:21:00+00:00,0.2963439417431966,1.0208068968484538,1.0346217581167032,0.9183778961281297,0.8022853063187133,0.8848243229434384,0.9040911552967167,0.9445049537080861,0.9471141
22,2024-01-18 11:22:00+00:00,0.2986301105974912,1.0148473487108882,1.0375059018251438,0.9183778961281297,0.8031830541892816,0.8840794937604233,0.9024790877271959,0.9458853786464796,0.9372401
22,2024-01-18 11:23:00+00:00,0.3009192484481777,1.0373921024832882,1.0504133303136753,0.9183778961281297,0.8345698297165188,0.8904011339902784,0.8744516126418127,0.871563188379619,0.92003596
22,2024-01-18 11:24:00+00:00,0.303186940534136,1.0200719636964735,1.0349358936169608,0.9183778961281297,0.8343317211076227,0.8918873047883195,0.8378095618142039,0.8466721872885282,0.90033615
22,2024-01-18 11:25:00+00:00,0.3053117625791475,0.98148775652353,0.9836530519477283,0.9183778961281297,0.8201591418098572,0.8949961233018598,0.7885176591270001,0.8075828075510914,0.83013445
22,2024-01-18 11:26:00+00:00,0.30771270841046744,1.0531830223599246,1.0802707002186391,0.9183778961281297,0.8319789788560233,0.8926526326108626,0.9000346708439237,0.835879115802321,0.9246904
22,2024-01-18 11:27:00+00:00,0.3099093121107196,1.096580207976304,1.1156373774016557,0.9183778961281297,0.8231346410673558,0.8977630487079542,0.9549426804774869,0.9293551808173486,0.9585987
22,2024-01-18 11:28:00+00:00,0.31207452324056245,1.0963160437664363,1.1197810389441414,0.9183778961281297,0.8224736813968689,0.898222838291898,0.9443867438251354,0.8613605100659737,0.94601744
22,2024-01-18 11:29:00+00:00,0.31437150591180424,1.0786749357358119,1.09787566023449,0.9183778961281297,0.8200699572213768,0.898615530622526,0.9412607453058677,0.8627602848057672,0.94093734
22,2024-01-18 11:30:00+00:00,0.3166081710421069,1.1060661979904056,1.128309724761296,0.9183778961281297,0.8189359481975902,0.8987126414489389,0.9549426804774869,0.9211332066983132,0.94919825
22,2024-01-18 11:31:00+00:00,0.3188829097323356,1.1130817376962585,1.1237958916082147,0.9183778961281297,0.8198842304556809,0.8914530406143805,0.9412607453058677,0.8629038727038488,0.9559897
22,2024-01-18 11:32:00+00:00,0.3210741349455405,1.0254261116478036,1.0471699350550718,0.9183778961281297,0.8337533200153695,0.8933419796310648,0.8976092357996159,0.8561845756130543,0.9522535
22,2024-01-18 11:33:00+00:00,0.32340852273680454,1.0241804872418947,1.0509309638676403,0.9183778961281297,0.8372092896647937,0.8891670654764647,0.9050712630833737,0.8743605174864001,0.9409792
22,2024-01-18 11:34:00+00:00,0.32569049887540613,1.100031837314552,1.116000235872065,0.9183778961281297,0.8182296573789462,0.8976246910191584,0.94061339470111,0.9472198331586044,0.96243376
22,2024-01-18 11:35:00+00:00,0.32790725822680583,1.1205311860747837,1.1380129951946092,0.9183778961281297,0.8239895996138,0.8931751741672813,0.94061339470111,0.9558933502147963,0.9647964
22,2024-01-18 11:36:00+00:00,0.33012302991558484,1.122637854832794,1.1328395198082162,0.9183778961281297,0.8193920259619286,0.8984130647102144,0.942072133797882,0.9520642505653212,0.96486676
22,2024-01-18 11:37:00+00:00,0.3323891582377324,1.0639241367918357,1.0938610189110598,0.9183778961281297,0.8197022167112019,0.8922702277198795,0.9024790877271959,0.9533538672297812,0.94215196
22,2024-01-18 11:38:00+00:00,0.334695992428351,1.1132230392699987,1.133184661923954,0.9183778961281297,0.8209377975636518,0.8912200546154468,0.9081540814715968,0.9556574726659648,0.96093684
22,2024-01-18 11:39:00+00:00,0.33685924579549437,1.1144892324636344,1.1338434742922399,0.9183778961281297,0.8267249613767989,0.8926456642467703,0.8803407199603963,0.8862517760872738,0.93456846
22,2024-01-18 11:40:00+00:00,0.33916038692953676,1.0474214248030127,1.0756491707066171,0.9183778961281297,0.8198469791618127,0.8905300164296841,0.8608145383140964,0.8396299390893625,0.89893055
22,2024-01-18 11:41:00+00:00,0.3413793037647522,1.1364603352125318,1.11158539027657,0.9183778961281297,0.8123331563916258,0.895786961518587,0.7903438402707036,0.8292299253831993,0.8416757
22,2024-01-18 11:42:00+00:00,0.34366599070740866,1.157673193733344,1.1855627633654917,0.9183778961281297,0.8200845261776137,0.892998666241334,0.9394345641621642,0.8736127013891024,0.95274514
22,2024-01-18 11:43:00+00:00,0.34596535598502515,1.143026712682387,1.1737335673115186,0.9183778961281297,0.8220030824949746,0.8927492022392931,0.9575144684933982,0.9553246300564489,0.9485093
22,2024-01-18 11:44:00+00:00,0.34817340070588837,1.1657249362776998,1.192227079083302,0.9183778961281297,0.8227320477241782,0.8936935530649087,0.9593406496371016,0.9616940098391785,0.94949144
22,2024-01-18 11:45:00+00:00,0.35047774981743013,1.1412614215095755,1.1695346627764511,0.9183778961281297,0.8224536113293934,0.8961033493919499,0.9412607453058677,0.8805251450790298,0.9501827
22,2024-01-18 11:46:00+00:00,0.35269641546298397,1.1818447383877566,1.2028929421371202,0.9183778961281297,0.8255215672181389,0.8931313629932972,0.9549426804774869,0.9436764648928616,0.95174104
22,2024-01-18 11:47:00+00:00,0.3550008002002373,1.1724097385609387,1.198376340055518,0.9183778961281297,0.8221694088904655,0.8915203207991501,0.9434974903370443,0.8926693262998384,0.9479392
22,2024-01-18 11:48:00+00:00,0.35712972912729324,1.1164254378101552,1.1403479373947927,0.9183778961281297,0.823305336999456,0.8950653317891298,0.9206142122995085,0.8813247424578613,0.95851815
22,2024-01-18 11:49:00+00:00,0.3594511877765685,1.1561663339816548,1.1710569231886927,0.9183778961281297,0.827909302349548,0.8887592799449155,0.94061339470111,0.9720368302225628,0.9594751
22,2024-01-18 11:50:00+00:00,0.3617433661087434,1.1621575681906107,1.184910696886098,0.9183778961281297,0.827580036079852,0.8928969146478954,0.942072133797882,0.9744290451456467,0.94695973
22,2024-01-18 11:51:00+00:00,0.3639754378764367,1.1812086402474664,1.2043726940269757,0.9183778961281297,0.8235806201033836,0.892035884957207,0.9365504685262299,0.9580519735112392,0.94517606
22,2024-01-18 11:52:00+00:00,0.3662383623644746,1.1757858902057179,1.1982139349230327,0.9183778961281297,0.8220805546837587,0.8903120873647801,0.94061339470111,0.9624991317426826,0.9436767
22,2024-01-18 11:53:00+00:00,0.3684714753194354,1.2000892975397268,1.2164918540081995,0.9183778961281297,0.820389620964577,0.8971544071865266,0.9214256007915228,0.9688461342210846,0.95738876
22,2024-01-18 11:54:00+00:00,0.3707489226478137,1.1875017084870256,1.2104237147547725,0.9183778961281297,0.8234802634838714,0.8976903255743387,0.8829573688202105,0.9487130003524309,0.9216261
22,2024-01-18 11:55:00+00:00,0.37296383865996235,1.1791357461498528,1.1933114249377081,0.9183778961281297,0.8359770749204737,0.895184796355224,0.841872487989084,0.8914060338309905,0.90207934
22,2024-01-18 11:56:00+00:00,0.37523154716501006,1.1479287705353607,1.1703353234142724,0.9183778961281297,0.8257837329115961,0.8945073716791686,0.8608145383140964,0.8642897129669546,0.89898866
22,2024-01-18 11:57:00+00:00,0.3773265844912965,1.1826821550581337,1.2115564055372117,0.7592560507390452,0.7949825959496323,0.8309795220998268,0.8005401456220449,0.8421933329889143,0.8694579
22,2024-01-18 11:58:00+00:00,0.37976152074415587,1.0534100587291388,1.0531013575046475,0.7592560507390452,0.7755844165926298,0.8045785978574157,0.8348019929185645,0.8347303402722195,0.8405118
22,2024-01-18 11:59:00+00:00,0.3820208110362344,1.0271668900320639,1.0492423872512466,0.7592560507390452,0.7799264851589155,0.8077729041556619,0.8348019929185645,0.8377725891558576,0.83851564
22,2024-01-18 12:00:00+00:00,0.3842828798873565,1.0764757832029663,1.085820350152161,0.7592560507390452,0.7929185501960881,0.8106607786463744,0.8348019929185645,0.865220790023994,0.8404547
22,2024-01-18 12:01:00+00:00,0.3865320941707338,1.0799098535313907,1.0945240361022759,0.7592560507390452,0.7975886187250274,0.8144252875093585,0.8348019929185645,0.8688147061626994,0.8415399
22,2024-01-18 12:02:00+00:00,0.3887861346700823,1.1046951152441058,1.1098840150938512,0.9183778961281297,0.7983418506262615,0.8167297183490768,0.8348019929185645,0.8691639968952111,0.84664553
22,2024-01-18 12:03:00+00:00,0.3910391376513036,1.0914659049059172,1.1091774006969919,0.9183778961281297,0.8053938704557313,0.8142796939137824,0.8348019929185645,0.8582974151738747,0.852518
22,2024-01-18 12:04:00+00:00,0.39329211617586796,1.1196025929141062,1.122199757351849,0.9183778961281297,0.8020866258794086,0.814266932356859,0.825210796945397,0.8514701450857736,0.83748513
22,2024-01-18 12:05:00+00:00,0.3955450322467373,1.0938596439192314,1.105917486725092,0.9183778961281297,0.8077925465700976,0.79923386649789,0.825210796945397,0.8605730164917407,0.83010626
22,2024-01-18 12:06:00+00:00,0.39779936278853895,1.127776192568732,1.1269189712830672,0.9183778961281297,0.8077777708658171,0.7959131754132701,0.825210796945397,0.8558447518688306,0.84238726
22,2024-01-18 12:07:00+00:00,0.40005732158912816,1.0951177428803125,1.10524833976793,0.9183778961281297,0.7911508870212652,0.7733212375117732,0.825210796945397,0.8462981159844125,0.8241119
22,2024-01-18 12:08:00+00:00,0.4023167270578327,1.369800078643785,1.2647525822784793,0.8044256130374242,0.77487236893136,0.7557718654210507,0.778104830070181,0.8448585284066494,0.7839559
22,2024-01-18 12:09:00+00:00,0.4045683441227183,1.2703512732919013,1.2591067969249168,0.9183778961281297,0.7429915870813905,0.7376049373427,0.7666203393114935,0.8492979145166989,0.7475006
22,2024-01-18 12:10:00+00:00,0.40682268358214047,1.2605460597474267,1.2489742410884928,0.9183778961281297,0.7496678005043751,0.7425463940993555,0.7983331317133062,0.8494869034045267,0.7851026
22,2024-01-18 12:11:00+00:00,0.4090750757728991,1.2554096052223618,1.2329221064399007,0.8044256130374242,0.742208815193189,0.7628781910844625,0.8314539882197566,0.8588974068049396,0.7964611
22,2024-01-18 12:12:00+00:00,0.4113298511633166,1.260428466505886,1.240837545555097,0.8044256130374242,0.7218295547954898,0.7587712408685119,0.8450413398601959,0.8591703371381136,0.800045
22,2024-01-18 12:13:00+00:00,0.41358150254061476,1.1976932217897418,1.2090557992849964,0.8044256130374242,0.72405310376556,0.7513722793423109,0.8450413398601959,0.8552901618835552,0.8004882
22,2024-01-18 12:14:00+00:00,0.41584285028016327,1.2454384091868538,1.2281111420025694,0.9429711939238093,0.7231697730860314,0.7370761950612319,0.8450413398601959,0.8838340681042126,0.8178286
22,2024-01-18 12:15:00+00:00,0.4180998209078892,1.1948941100047112,1.1961143754737382,0.9429711939238093,0.7185750252484637,0.7433482669065657,0.8450413398601959,0.8814291110369441,0.8199917
22,2024-01-18 12:16:00+00:00,0.42035279481402904,1.2219803986483488,1.2163267009749914,0.9429711939238093,0.7083258847293848,0.733756265846329,0.8450413398601959,0.8783715337455629,0.80596966
22,2024-01-18 12:17:00+00:00,0.4226038771610305,1.2263439286211413,1.2144624599450824,0.9429711939238093,0.7260358187778462,0.7459551150720642,0.8450413398601959,0.9037135070610873,0.83023053
22,2024-01-18 12:18:00+00:00,0.42485883048133843,1.1634685956381792,1.1853468378177192,0.9183778961281297,0.7138517383421841,0.7103127720332377,0.8450413398601959,0.8845640682836474,0.80596966
22,2024-01-18 12:19:00+00:00,0.42711183598170044,1.321622019849301,1.2685634347314578,0.9429711939238093,0.7316513415755175,0.7685270264271058,0.8450413398601959,0.9000386305017408,0.80596966
22,2024-01-18 12:20:00+00:00,0.4293648596408679,1.2820796007272866,1.2514190531018468,0.9429711939238093,0.726744773492764,0.7618951858083396,0.8450413398601959,0.9003825611414829,0.80928296
22,2024-01-18 12:21:00+00:00,0.4316179869573214,1.2216371475163474,1.2180303977376576,0.9183778961281297,0.7094572348897095,0.7093967022197889,0.8450413398601959,0.9001554338977886,0.80928296
22,2024-01-18 12:22:00+00:00,0.43387912097307824,1.1812737306409962,1.1923851216451888,0.9183778961281297,0.7183294680566539,0.715660430637521,0.8450413398601959,0.9001554338977886,0.80596966
22,2024-01-18 12:23:00+00:00,0.4361363403250091,1.257104933093793,1.2358010574883078,0.9183778961281297,0.7209717882230046,0.7570287072421484,0.8450413398601959,0.9003825611414829,0.80928296
22,2024-01-18 12:24:00+00:00,0.43839235434083174,1.1615875800706594,1.1759900306072115,0.9429711939238093,0.7175491946012387,0.7573751761345491,0.8450413398601959,0.9025053415742946,0.80928296
22,2024-01-18 12:25:00+00:00,0.4406420936386387,1.1732097848286789,1.1837437851588648,0.9183778961281297,0.720011771922419,0.7686617871058036,0.8450413398601959,0.907200289680301,0.81418717
22,2024-01-18 12:26:00+00:00,0.44289500970950796,1.1332940083521312,1.1553276034151714,0.9429711939238093,0.7232657000144953,0.7739081184505207,0.8450413398601959,0.9050775092474892,0.8327308
22,2024-01-18 12:27:00+00:00,0.4451481757024802,1.2148924435982882,1.2075449344903237,0.9429711939238093,0.7421625761858922,0.7951462022428892,0.8450413398601959,0.9128485228666363,0.835001
22,2024-01-18 12:28:00+00:00,0.44740105408884545,1.129454008793346,1.1597045356642202,0.9183778961281297,0.6775546883300815,0.7474072320160806,0.8450413398601959,0.8763633127152615,0.771021
22,2024-01-18 12:29:00+00:00,0.44965723160361876,1.2189413999885805,1.206251189788034,0.9183778961281297,0.7257859963548526,0.7714679639924703,0.8450413398601959,0.9083099150172445,0.83984816
22,2024-01-18 12:30:00+00:00,0.45191655470258557,1.165420403791558,1.173333325668199,0.9183778961281297,0.7168958587898644,0.7718345160347587,0.8450413398601959,0.9109203265640752,0.83593583
22,2024-01-18 12:31:00+00:00,0.4541708467267762,1.167187527516369,1.1796886220413185,0.9183778961281297,0.7181882745525277,0.764784817361906,0.8450413398601959,0.9109203265640752,0.83263487
22,2024-01-18 12:32:00+00:00,0.45642588686511476,1.207522098645406,1.2028617450021097,0.9183778961281297,0.7285052741910719,0.7881578413499849,0.8450413398601959,0.9034672077115576,0.8213161
22,2024-01-18 12:33:00+00:00,0.45867822854184465,1.1583754968282922,1.1718514651068797,0.9183778961281297,0.7284509459675839,0.7848869662547224,0.8450413398601959,0.9026858544231546,0.8256977
22,2024-01-18 12:34:00+00:00,0.46093256123130755,1.257566498196717,1.2256931364629584,0.9429711939238093,0.743606624532821,0.7967577150260177,0.8450413398601959,0.9090901408986013,0.82346666
22,2024-01-18 12:35:00+00:00,0.4631845434439821,1.200990062079804,1.1975626265780868,0.9429711939238093,0.7339973331738265,0.7845214758229279,0.8450413398601959,0.8999749988073726,0.8256977
22,2024-01-18 12:36:00+00:00,0.4654377326390327,1.1433902690009252,1.1608073921424609,0.9183778961281297,0.7209279079009978,0.7635157169547475,0.8450413398601959,0.8997478715636784,0.82683545
22,2024-01-18 12:37:00+00:00,0.46769676408905786,1.1758176976205026,1.180830599428401,0.9183778961281297,0.7146777958941652,0.7597067461748972,0.8450413398601959,0.8732989455711805,0.82509714
22,2024-01-18 12:38:00+00:00,0.4699559636687479,1.134318637078771,1.1522605730346882,0.9429711939238093,0.7296066580454276,0.7809578113220278,0.8450413398601959,0.9032025222268133,0.8277459
22,2024-01-18 12:39:00+00:00,0.47220927762888415,1.153223735969377,1.1682627192926938,0.9183778961281297,0.7169618378536236,0.7624569480215335,0.8450413398601959,0.90387078084851,0.8277459
22,2024-01-18 12:40:00+00:00,0.4744619750893287,1.1689606749355694,1.1759701851374684,0.9183778961281297,0.7214615990169438,0.7667372143187474,0.8450413398601959,0.8756283963398577,0.82507277
22,2024-01-18 12:41:00+00:00,0.4767162346368938,1.1392764485650209,1.1630600741228583,0.9183778961281297,0.7185357734961536,0.7667524256511292,0.8450413398601959,0.9022915776439837,0.82253736
22,2024-01-18 12:42:00+00:00,0.47896788270032237,1.164577452618801,1.1712940524850157,0.9183778961281297,0.6741941240053746,0.7377706940816123,0.8450413398601959,0.8420530317266985,0.75801665
22,2024-01-18 12:43:00+00:00,0.4812232895350393,1.1756653688087728,1.1788424026307713,0.9183778961281297,0.7237550968156842,0.7653705347155476,0.8450413398601959,0.9013231236406628,0.8177321
22,2024-01-18 12:44:00+00:00,0.48347693949440723,1.1873527522972656,1.184340905508181,0.9429711939238093,0.7288742149613522,0.7712526008069027,0.8450413398601959,0.9029419672368667,0.82130927
22,2024-01-18 12:45:00+00:00,0.48573767251627464,1.2081328554727624,1.197106402372277,0.9183778961281297,0.72138447419379,0.7464715999799494,0.8450413398601959,0.8728536118883162,0.81799597
22,2024-01-18 12:46:00+00:00,0.4879921185452247,1.1454632842499852,1.1619945816105364,0.9183778961281297,0.6967257717002241,0.7311246964016676,0.8450413398601959,0.8817960389675282,0.82657367
22,2024-01-18 12:47:00+00:00,0.49024514146964276,1.1623411033307254,1.1686032550826377,0.9429711939238093,0.7339141239106111,0.766450587490181,0.8450413398601959,0.922900864545497,0.83126014
22,2024-01-18 12:48:00+00:00,0.4924997035257769,1.1802875626686533,1.1801831262133584,0.9183778961281297,0.7186100167823308,0.7472206090324743,0.8450413398601959,0.8960522294565195,0.82657367
22,2024-01-18 12:49:00+00:00,0.4947917580653313,0.6611238254695526,0.5847756487200989,0.8044256130374242,0.5888664154767037,0.3110034597114352,0.6481900517684275,0.5249814826535266,0.5340762
22,2024-01-18 12:50:00+00:00,0.4969967378273455,0.7816922576818135,0.772655250234539,0.009590570582054762,0.387354681998011,0.3078247855628958,0.3404172102094549,0.5456368624128121,0.39116055
22,2024-01-18 12:51:00+00:00,0.49926030143709027,0.9873610875375829,0.9339437822071224,0.9183778961281297,0.7022252913124444,0.42745899090057804,0.5897212329637156,0.7387169717491232,0.70745295
22,2024-01-18 12:52:00+00:00,0.5015656103472931,0.6996030941741602,0.6023843991073546,0.027505789944354635,0.3687433375962883,0.4123210448122045,0.41966892106024506,0.4956781487338138,0.5084985
22,2024-01-18 12:53:00+00:00,0.5037069759533739,0.0804143430600282,0.09848447385526377,0.027505789944354635,0.162454737395585,0.2887274644396853,0.1972388779663093,0.25951493621378163,0.18448988
22,2024-01-18 12:54:00+00:00,0.5060162647359591,0.09333706768158795,0.1151128354428333,0.027505789944354635,0.15922561889200917,0.31255123517640493,0.18538964500116406,0.30844963435882833,0.2485272
22,2024-01-18 12:55:00+00:00,0.5082781554654564,0.09795084143976723,0.08711954358720075,0.027505789944354635,0.1657602256506902,0.2631255463239188,0.24053778347063787,0.29067402799366415,0.22542301
22,2024-01-18 12:56:00+00:00,0.5105415331801569,0.062393854583148,0.07082506837138969,0.027505789944354635,0.16661622531810683,0.30855382126978353,0.26767285780073036,0.3148181782295608,0.22459137
22,2024-01-18 12:57:00+00:00,0.5128277731643899,0.04801331079191723,0.060332979263138076,0.027505789944354635,0.19256192674590808,0.381358867411357,0.21435404161835925,0.26803221536862837,0.22970468
22,2024-01-18 12:58:00+00:00,0.5150763476094642,0.07285966394205184,0.1343838211345063,0.6729527732043515,0.44107732985859116,0.31119176432316026,0.4004061235868631,0.4607759398986939,0.37094012
22,2024-01-18 12:59:00+00:00,0.5173212145660744,0.3068837211145041,0.33883084656661866,0.6729527732043515,0.43975969991087366,0.43366846806815385,0.37413976362226464,0.5522182045622935,0.46246657
22,2024-01-18 13:00:00+00:00,0.5196309216646574,0.4418336825373533,0.4528091733977577,0.6729527732043515,0.4237040482085126,0.4285846218628208,0.37413976362226464,0.5214533167763331,0.42495346
22,2024-01-18 13:01:00+00:00,0.5218632290564701,0.24161785265103003,0.22438706702602818,0.6729527732043515,0.43962912137648924,0.45467217289843886,0.4310446398528455,0.5408826521719946,0.3795012
22,2024-01-18 13:02:00+00:00,0.5240531659227649,0.19690174321814397,0.19674326560023286,0.6729527732043515,0.36452052858246525,0.39273875641117695,0.38247715565995316,0.510302416551729,0.3635579
22,2024-01-18 13:03:00+00:00,0.5261774075089354,0.3910464349631542,0.39140685084388643,0.6729527732043515,0.4151405823794884,0.40502650759092695,0.46757055675356074,0.5256413874650124,0.36621898
22,2024-01-18 13:04:00+00:00,0.5285697266609272,0.4222810529626329,0.42185561823459483,0.6729527732043515,0.31086079140430706,0.3843021565788303,0.44046414059336286,0.46216463472529407,0.35230416
22,2024-01-18 13:05:00+00:00,0.5310045171830531,0.5342534084760229,0.5251467322122395,0.6729527732043515,0.42393159768413935,0.4510326133480563,0.4204841989341288,0.567742104244012,0.44464794
22,2024-01-18 13:06:00+00:00,0.5331705959584383,0.5127631143054283,0.5124428943495913,0.6729527732043515,0.4575066739941435,0.45813095381560287,0.5300057940432331,0.6441264659332229,0.4882292
22,2024-01-18 13:07:00+00:00,0.5354051261663252,0.5988126644954552,0.5751377924382914,0.6729527732043515,0.4445939977549996,0.4348238450072828,0.5161910766770125,0.6359250676650069,0.49064288
22,2024-01-18 13:08:00+00:00,0.5375694464681333,0.6012423734371635,0.5924225834041507,0.6729527732043515,0.45823156856136793,0.45290273127898784,0.5267101557329518,0.637809454367515,0.4867235
22,2024-01-18 13:09:00+00:00,0.5398231413661179,0.6221821342655418,0.608906417120617,0.6729527732043515,0.45486131318504763,0.4404435390600864,0.5504219895725823,0.6211230264369606,0.503774
22,2024-01-18 13:10:00+00:00,0.5420823545442025,0.6524880836293021,0.6345114853668559,0.6729527732043515,0.47414555131262554,0.4554872204037633,0.5648068352513105,0.6677074567440648,0.5154975
22,2024-01-18 13:11:00+00:00,0.544255020563518,0.5593220777742265,0.5585577281079186,0.6729527732043515,0.5694480717048512,0.4727229648816884,0.5788311267170821,0.7026422217240561,0.563398
22,2024-01-18 13:12:00+00:00,0.5465751200765605,0.5580472636315128,0.54939101723965,0.6729527732043515,0.45108268367447457,0.46718048692399755,0.5967430353682649,0.6820855968451355,0.55538684
22,2024-01-18 13:13:00+00:00,0.5487509173477422,0.2024701926191637,0.21120135383526045,0.7402746206630971,0.5951193987792882,0.6421249373949858,0.5794788384393872,0.6980751051946166,0.72197145
22,2024-01-18 13:14:00+00:00,0.5511212370114985,0.41060619478459565,0.41683057504224375,0.7592560507390452,0.6603838841743083,0.6725493201649898,0.7117641736778647,0.6691336307268397,0.70471257
22,2024-01-18 13:15:00+00:00,0.5533742035701448,0.42130989499883725,0.43212005453179375,0.7592560507390452,0.6537706246714358,0.6789886927210479,0.7117641736778647,0.6866904661216015,0.6912847
22,2024-01-18 13:16:00+00:00,0.5556273146644852,0.47709674011833464,0.4878063093895546,0.7592560507390452,0.6726731843103604,0.6808441202323955,0.7117641736778647,0.7039851918448952,0.71943486
22,2024-01-18 13:17:00+00:00,0.5578803009563998,0.5010597855247636,0.5074237150860965,0.7592560507390452,0.6913212333317553,0.6870447972906348,0.7117641736778647,0.6901594856854397,0.707191
22,2024-01-18 13:18:00+00:00,0.5601339763976346,0.5296802739690141,0.5324866704127403,0.7592560507390452,0.6913126410130548,0.6882970118259726,0.7117641736778647,0.6849284279324835,0.7141019
22,2024-01-18 13:19:00+00:00,0.5623844771468618,0.5941140613027582,0.5798509408634914,0.7809063648096399,0.691212125351594,0.6939857018769494,0.7117641736778647,0.6627202494633733,0.7053776
22,2024-01-18 13:20:00+00:00,0.5646468395064663,0.5753962578825313,0.567408471854472,0.7809063648096399,0.6835720859423009,0.6928384708849226,0.7021729777046972,0.6718841758101157,0.69825464
22,2024-01-18 13:21:00+00:00,0.5669031585511747,0.5728112503961289,0.5669763495003338,0.7809063648096399,0.6852861969620222,0.6910730188015581,0.7021729777046972,0.6724482568492307,0.70582825
22,2024-01-18 13:22:00+00:00,0.5691709141240563,0.27718802074579907,0.17872403737603298,0.5249628748615524,0.5788628590139252,0.5351543918032506,0.560315857111533,0.6248986149855515,0.58405304
22,2024-01-18 13:23:00+00:00,0.5714221822789814,0.3093013355370693,0.2951304132489625,0.7809063648096399,0.6087574166795725,0.5705488638433063,0.560315857111533,0.6642036031054606,0.5960603
22,2024-01-18 13:24:00+00:00,0.573622506870729,0.5429074262707254,0.5832636299261302,0.7809063648096399,0.6907475166898454,0.5851332753423597,0.6836567287792414,0.648288106260727,0.6919571
22,2024-01-18 13:25:00+00:00,0.5759200399350568,0.04847641466672098,0.083994297578727,0.027505789944354635,0.2893085510428671,0.43512644775952386,0.36548410328681685,0.4000425162664031,0.34764692
22,2024-01-18 13:26:00+00:00,0.5781587233326858,0.1200440991335357,0.13430749273240555,0.027505789944354635,0.144053642289767,0.3989659025029,0.3103864241072569,0.3853716853270555,0.27992147
22,2024-01-18 13:27:00+00:00,0.580422999549562,0.1167546722865081,0.11437616338166434,0.027505789944354635,0.19585005022047797,0.37269324224794403,0.26026588238054477,0.3733845610358595,0.2699696
22,2024-01-18 13:28:00+00:00,0.5826873944941167,0.07679594986645061,0.08987054416436557,0.027505789944354635,0.22129166557907895,0.445158685813079,0.26026588238054477,0.38450458988245306,0.31299594
22,2024-01-18 13:29:00+00:00,0.5849505328423314,0.11826621435815415,0.12556387667070956,0.027505789944354635,0.2378871221001912,0.42485787854966856,0.31263650274690236,0.4057130532650321,0.2998167
22,2024-01-18 13:30:00+00:00,0.5872863725391606,0.4335391951708308,0.43909770202660503,0.6729527732043515,0.4551795878527998,0.4780284787918984,0.4473316591218005,0.5319852941512669,0.48391956
22,2024-01-18 13:31:00+00:00,0.5894172935591099,0.7843414364015184,0.7673684136675432,0.6729527732043515,0.4443907573437192,0.46940794499762756,0.3674650641434353,0.5310964821296958,0.39723516
22,2024-01-18 13:32:00+00:00,0.5916399746444564,0.24813006273561872,0.26005108819562606,0.6729527732043515,0.40007196560802744,0.4854672998955193,0.37413976362226464,0.5692455198154319,0.4070438
22,2024-01-18 13:33:00+00:00,0.5939134741282954,0.40845740434549654,0.41603962606572387,0.6729527732043515,0.4471460575304682,0.5069327015691372,0.37413976362226464,0.5552674558709085,0.4337019
22,2024-01-18 13:34:00+00:00,0.5962160433189874,0.185990639301354,0.18603607480077305,0.6729527732043515,0.46162752612468533,0.5141319807415492,0.4394652499951282,0.5547877516365093,0.42755875
22,2024-01-18 13:35:00+00:00,0.598485498587672,0.37772026706107514,0.37792250939408667,0.6729527732043515,0.5603161149725563,0.5440119331268761,0.47637316954767583,0.5836513103031661,0.43815866
22,2024-01-18 13:36:00+00:00,0.6006798191919667,0.3958795653865593,0.4030841719279715,0.6729527732043515,0.464527640940441,0.5250484073041207,0.4322838933827397,0.5644293304955537,0.42585555
22,2024-01-18 13:37:00+00:00,0.6030146145477099,0.49548232616482185,0.49805299177856033,0.6729527732043515,0.5240312304961089,0.553006418815175,0.4620891497870357,0.58537795978784,0.4778096
22,2024-01-18 13:38:00+00:00,0.6053094508632262,0.570701976055688,0.5721772358753869,0.6729527732043515,0.5486918151925854,0.5577716052996998,0.602637026208465,0.6811852570623953,0.58392036
22,2024-01-18 13:39:00+00:00,0.6074058289540101,0.6116357898838438,0.602841823795105,0.6729527732043515,0.5753084252746486,0.5992376172771462,0.6092943918280036,0.7066841617874553,0.6082331
22,2024-01-18 13:40:00+00:00,0.6097749408676082,0.6063546971093285,0.5923293280397322,0.5028713167029528,0.5542406724296903,0.582348878192897,0.6236708527428227,0.702199793193517,0.61059517
22,2024-01-18 13:41:00+00:00,0.6120159235465306,0.6344942612740314,0.6333479376651112,0.5028713167029528,0.5497112331768029,0.5813299379735009,0.6363654102469645,0.7124625603664425,0.61370516
22,2024-01-18 13:42:00+00:00,0.6141504415044803,0.6520299122567788,0.632964286985008,0.5028713167029528,0.5533167824382724,0.5415583631585456,0.625846331191025,0.7035202363334334,0.61273
22,2024-01-18 13:43:00+00:00,0.6164989726689674,0.6368349788801928,0.623887429665835,0.5028713167029528,0.54696159201986,0.5138449637213673,0.6398327518475078,0.6979449737552116,0.6203476
22,2024-01-18 13:44:00+00:00,0.6187341385588766,0.5731668549477873,0.566655778707793,0.5028713167029528,0.4497525228416133,0.4837110468475253,0.5848403694634242,0.6434513865150525,0.5799216
22,2024-01-18 13:45:00+00:00,0.6208476913991388,0.6014700939634108,0.5255156189237796,0.7402746206630971,0.6499503004880943,0.5765168291937943,0.6479535014973461,0.6527681052509317,0.66789174
22,2024-01-18 13:46:00+00:00,0.6232628286103246,0.40427250236121864,0.42046766495762206,0.7592560507390452,0.6478205319143965,0.6682383199160268,0.7117641736778647,0.6992529342262401,0.6918198
22,2024-01-18 13:47:00+00:00,0.6255191902419757,0.42478816896004773,0.4430972848126898,0.7592560507390452,0.657355528317289,0.6696484530881355,0.7117641736778647,0.6700307842550688,0.68383074
22,2024-01-18 13:48:00+00:00,0.6277716932775685,0.4740325643217714,0.486775231770483,0.7592560507390452,0.6580738097221259,0.6722084689502608,0.7117641736778647,0.6976355465527232,0.70816326
22,2024-01-18 13:49:00+00:00,0.630027707346135,0.5510573800669865,0.5463332015755965,0.7592560507390452,0.6584306021724244,0.6762544411471614,0.7117641736778647,0.6848486666719454,0.70540905
22,2024-01-18 13:50:00+00:00,0.6322886650592079,0.5036225942849772,0.5250295416230606,0.7592560507390452,0.6919218573744826,0.6822576060125835,0.7117641736778647,0.6900148710509452,0.7176599
22,2024-01-18 13:51:00+00:00,0.6345438525949114,0.582022231770424,0.571525277084614,0.7809063648096399,0.6926450869971694,0.6861175268826657,0.7117641736778647,0.6915574034995776,0.71501255
22,2024-01-18 13:52:00+00:00,0.636826715634312,0.22754186371559776,0.19692242228093132,0.7592560507390452,0.6155405550945764,0.5584020029747278,0.6417681985869067,0.7327387280304677,0.6281507
22,2024-01-18 13:53:00+00:00,0.6390486255655592,0.28079679276576597,0.18445563184169977,0.5249628748615524,0.5929475359341732,0.5375705612380777,0.5286962838431939,0.6103454808186841,0.5903631
22,2024-01-18 13:54:00+00:00,0.6412692562343404,0.514354312198464,0.5460615373926111,0.7592560507390452,0.7043462175477614,0.5752015087458808,0.6887591971779722,0.6849367457120592,0.6953837
22,2024-01-18 13:55:00+00:00,0.6435723801162925,0.10802912041841722,0.14087290840713035,0.027505789944354635,0.3008085457136245,0.4216589315970504,0.367442660385865,0.4067129741514262,0.4034532
22,2024-01-18 13:56:00+00:00,0.6457947550813921,0.15501586808596862,0.16680797928969004,0.027505789944354635,0.15771627859947568,0.4074883176841912,0.28161652347824295,0.390883904959118,0.2809103
22,2024-01-18 13:57:00+00:00,0.648063068507286,0.14628657356781766,0.1515602405826832,0.027505789944354635,0.20935029406008618,0.43822292725968925,0.26026588238054477,0.36820816666097783,0.27046743
22,2024-01-18 13:58:00+00:00,0.6503251126106663,0.13369483600794269,0.13966411549223723,0.027505789944354635,0.23441159265923914,0.4543865723278268,0.26026588238054477,0.3642641393305795,0.2746731
22,2024-01-18 13:59:00+00:00,0.652586068895223,0.16866347765267214,0.17371149012312642,0.027505789944354635,0.2369693163447972,0.42728240555734714,0.31263650274690236,0.377589935396506,0.29895973
22,2024-01-18 14:00:00+00:00,0.6549322677004956,0.5375268806561553,0.5266661585996577,0.6729527732043515,0.4652513178045868,0.5003067114232502,0.41040450454247457,0.5522922870047944,0.4787961
22,2024-01-18 14:01:00+00:00,0.65706279647517,0.6836160859480997,0.6602640656481729,0.6729527732043515,0.4410379267628491,0.4821815235727696,0.32967118406438617,0.566793856485861,0.3856715
22,2024-01-18 14:02:00+00:00,0.6592699853100481,0.2956662696968331,0.3282390285320561,0.6729527732043515,0.42238064586068924,0.4927248650511523,0.3741826029944626,0.542832474754964,0.4181307
22,2024-01-18 14:03:00+00:00,0.6615675467638679,0.37764584464585355,0.4057366812990613,0.6729527732043515,0.4735878178071176,0.5158877023904407,0.37659821177086705,0.5482942134361163,0.41647238
22,2024-01-18 14:04:00+00:00,0.6638714290998774,0.21983713078258355,0.21544794467923623,0.6729527732043515,0.44971800761355873,0.5185448082356653,0.4317466470228822,0.5524833968849093,0.46114048
22,2024-01-18 14:05:00+00:00,0.6661390266405874,0.40861881202177625,0.39032107028369106,0.6729527732043515,0.5626730764455962,0.578403327675853,0.529907437580396,0.606690660849569,0.5329303
22,2024-01-18 14:06:00+00:00,0.6683120141313839,0.39384639449387976,0.4092867530612826,0.5028713167029528,0.5245867542808378,0.5773606432538578,0.5297837715642993,0.5924231349558694,0.52545965
22,2024-01-18 14:07:00+00:00,0.6706503724325918,0.4502671733351629,0.45787180014972295,0.5028713167029528,0.5668421623390155,0.5952450973297849,0.5599651978090677,0.5971035390383446,0.5546802
22,2024-01-18 14:08:00+00:00,0.6730222302572532,0.5587188193716996,0.552573526576153,0.5028713167029528,0.5888071945417942,0.6157585049894145,0.6542092127623271,0.6885806800556915,0.6184447
22,2024-01-18 14:09:00+00:00,0.6751210120494128,0.5730008742877879,0.5637086902964711,0.30721967211956047,0.5394937916055667,0.6520355542804965,0.6820750524793004,0.6477521014351262,0.5796696
22,2024-01-18 14:10:00+00:00,0.677378955168291,0.5552874465264925,0.5643462611918373,0.6905202806819061,0.5797259922435943,0.6292446654055637,0.7451535068059435,0.7012292857903389,0.61243504
22,2024-01-18 14:11:00+00:00,0.6796959580004621,0.5719964164998337,0.573672570041927,0.6905202806819061,0.607110095855394,0.617966124171572,0.7302126075606384,0.7395246954006893,0.63423413
22,2024-01-18 14:12:00+00:00,0.6819103163103929,0.6194547554088419,0.6177342554455999,0.6905202806819061,0.5845756557622898,0.5793429458164254,0.7507348166149216,0.7188021479716115,0.62587243
22,2024-01-18 14:13:00+00:00,0.6840899114500413,0.6346665114469254,0.6343079346855754,0.6905202806819061,0.5715291255982342,0.5420019451032273,0.7303376324094484,0.6994527039333228,0.6175659
22,2024-01-18 14:14:00+00:00,0.6863108646904209,0.5777332206829047,0.575085141355752,0.6905202806819061,0.4754446259527516,0.5081759595701835,0.6296818701927761,0.6780664821803699,0.5667826
22,2024-01-18 14:15:00+00:00,0.688542814251374,0.6210273584758075,0.5736301156978655,0.7402746206630971,0.6380192618923822,0.55640262362548,0.6164131830008955,0.6445864518004631,0.5812516
22,2024-01-18 14:16:00+00:00,0.6909010209821701,0.4827410037061211,0.47716381623306525,0.7592560507390452,0.6252818528201214,0.6682465660232757,0.7117641736778647,0.6939442865728471,0.67405367
22,2024-01-18 14:17:00+00:00,0.693155436736742,0.4375026920596548,0.4734480357840229,0.7592560507390452,0.6555794194187614,0.6718796284282971,0.7117641736778647,0.6737227033043098,0.6952879
22,2024-01-18 14:18:00+00:00,0.695414395609081,0.523013841939703,0.5345111865501403,0.7592560507390452,0.6542121858628531,0.6727436823745889,0.7117641736778647,0.6881869680934014,0.6946203
22,2024-01-18 14:19:00+00:00,0.697674123633299,0.5763477099356042,0.5753324661334023,0.7592560507390452,0.660657536281343,0.673536566901603,0.7117641736778647,0.6883477666753691,0.68970853
22,2024-01-18 14:20:00+00:00,0.6999255626651418,0.5339938819178696,0.5579050907077072,0.7592560507390452,0.6556656340780816,0.6786886011992903,0.7117641736778647,0.6702054022144776,0.6790264
22,2024-01-18 14:21:00+00:00,0.7021944314502535,0.34989654749601984,0.45040849844501185,0.7809063648096399,0.6339620044024722,0.5618076385873443,0.6705380992159208,0.6620621796359506,0.6887704
22,2024-01-18 14:22:00+00:00,0.7044279193133071,0.27518984251450807,0.16438243925693247,0.5249628748615524,0.5746707866645274,0.4963767088653547,0.5201020581158284,0.5744032741360336,0.5570651
22,2024-01-18 14:23:00+00:00,0.7067160074819793,0.5380290815634869,0.5437834935023439,0.7809063648096399,0.6499203155026027,0.5571764739717329,0.6417681985869067,0.7118368929887724,0.64740205
22,2024-01-18 14:24:00+00:00,0.7089887039325119,0.2806653370720631,0.3211260610064406,0.027505789944354635,0.3682698024801198,0.4537448365047037,0.4741889269454072,0.4968086012003234,0.4935317
22,2024-01-18 14:25:00+00:00,0.7111304030285087,0.15481365653327345,0.1717111931214032,0.027505789944354635,0.15668719741593803,0.38910336315809824,0.2760046275189925,0.33936015518578017,0.26464945
22,2024-01-18 14:26:00+00:00,0.71344868693321,0.21387602500355524,0.2036610350232521,0.027505789944354635,0.1786936762266966,0.4124226675902522,0.2455326194747074,0.3924411514496289,0.28722563
22,2024-01-18 14:27:00+00:00,0.7157090454164093,0.16347102580778078,0.1781511190876282,0.027505789944354635,0.23318285756276297,0.44846405718005133,0.2676115862766372,0.4333105295575095,0.30761686
22,2024-01-18 14:28:00+00:00,0.7179643162387999,0.11381654487618725,0.143972470498265,0.027505789944354635,0.2182184153848264,0.39447633143592287,0.2744459254730408,0.37943355565615683,0.29681048
22,2024-01-18 14:29:00+00:00,0.7202439564947339,0.2077063444629555,0.21675172884158245,0.027505789944354635,0.23551971413265135,0.3914926402545461,0.31735852822428445,0.39262596440008357,0.30597162
22,2024-01-18 14:30:00+00:00,0.7224866390691839,0.1721289286454098,0.21482404477507944,0.6729527732043515,0.5192943574948679,0.4860741585196536,0.41482542387388033,0.5197246589269633,0.4522288
22,2024-01-18 14:31:00+00:00,0.7247364027965956,0.48476583722728456,0.5016053533884363,0.16152139898712364,0.21253738683050294,0.47636998758623755,0.3223954079762459,0.3641849849312833,0.36510664
22,2024-01-18 14:32:00+00:00,0.7270505279105717,0.4108664077983338,0.43049926385031073,0.16152139898712364,0.2421530092165482,0.5077995815264976,0.3759296760089661,0.4154882174458969,0.41828048
22,2024-01-18 14:33:00+00:00,0.7292876027916884,0.25345167372094357,0.25744365537443514,0.16152139898712364,0.3233736792155904,0.5617901144527289,0.43525811046218604,0.44671021339911887,0.45977294
22,2024-01-18 14:34:00+00:00,0.7314873379846691,0.7275409575290221,0.7285696665805163,0.5028713167029528,0.4655495208076628,0.5706479420248226,0.5190578225580639,0.5263592808474906,0.5330439
22,2024-01-18 14:35:00+00:00,0.7336089975101214,0.4854245212594726,0.47898840504217155,0.30721967211956047,0.3849305938872547,0.5910695877608321,0.5195708454689674,0.5361898457093942,0.5061604
22,2024-01-18 14:36:00+00:00,0.7360027985167008,0.47180363005781484,0.4640412677182555,0.30721967211956047,0.37224671121247543,0.5795787719294019,0.5876123241287969,0.4484640787102558,0.51633346
22,2024-01-18 14:37:00+00:00,0.7384169574202781,0.5631238287259355,0.5647358645123386,0.6905202806819061,0.580861219020695,0.6310821574436971,0.6329470390418263,0.681658426664418,0.64321995
22,2024-01-18 14:38:00+00:00,0.7405650380981194,0.5872323093857674,0.5787734089229942,0.30721967211956047,0.44052627269463734,0.6322489647033503,0.7132449483821034,0.6180327900945659,0.6165366
22,2024-01-18 14:39:00+00:00,0.7428030050568176,0.6103504631720527,0.6066591048050928,0.30721967211956047,0.45278808901954515,0.5926618012574136,0.6999660459992101,0.6015074878684744,0.57613015
22,2024-01-18 14:40:00+00:00,0.7450282224568437,0.5865695536799573,0.5898055444165713,0.30721967211956047,0.44710122513513606,0.5792330678778966,0.6781660535348789,0.6178063263689743,0.5496121
22,2024-01-18 14:41:00+00:00,0.7472499454537549,0.5911207151112863,0.5893604312466629,0.30721967211956047,0.4763417639366589,0.5697848039481528,0.6886851325908184,0.59359300086442,0.54371583
22,2024-01-18 14:42:00+00:00,0.7495261095461259,0.6819581322418382,0.6592326733132845,0.30721967211956047,0.4351586162226578,0.5353669015079939,0.6787973391825447,0.6176147800541729,0.5420994
22,2024-01-18 14:43:00+00:00,0.7516859522278803,0.6249108723899934,0.6217489218508796,0.30721967211956047,0.42723022467822375,0.5065914969272111,0.6040380286117519,0.624424834308956,0.52722126
22,2024-01-18 14:44:00+00:00,0.7540151078042587,0.612551948815065,0.601552811491398,0.30721967211956047,0.3705818162801794,0.4836495345295483,0.6022150000320037,0.5578076820368608,0.45699978
22,2024-01-18 14:45:00+00:00,0.7561758210844739,0.3495039746994295,0.3355263342693684,0.7402746206630971,0.6614511917716094,0.6529769321970339,0.6558803546445944,0.7238783566374304,0.7237186
22,2024-01-18 14:46:00+00:00,0.7585444866123046,0.502158087089065,0.5127479175292144,0.7592560507390452,0.6652939739482051,0.6689416161599054,0.7117641736778647,0.6903321050301935,0.6844678
22,2024-01-18 14:47:00+00:00,0.7608038496493762,0.5440961539497349,0.5575637062586798,0.7592560507390452,0.659926079784155,0.6749099910778917,0.7117641736778647,0.6946713629228977,0.70436686
22,2024-01-18 14:48:00+00:00,0.7630580723605664,0.6066530951461577,0.619147806625118,0.7592560507390452,0.6573057761655644,0.672722630096434,0.7117641736778647,0.6970472906446915,0.71962434
22,2024-01-18 14:49:00+00:00,0.7653108616021718,0.6340464091092568,0.6286765724809642,0.7592560507390452,0.6586359289049137,0.6745475691633364,0.7117641736778647,0.6759581376471043,0.69602966
22,2024-01-18 14:50:00+00:00,0.7675630530087775,0.6226288574040812,0.6225291332570151,0.7592560507390452,0.6746515148820904,0.6775323314932631,0.7117641736778647,0.6909947393855866,0.7144213
22,2024-01-18 14:51:00+00:00,0.7698151191581125,0.6216694501041045,0.6283650141025978,0.7592560507390452,0.6625050794746394,0.6844698592745968,0.7117641736778647,0.6818329280316263,0.70786726
22,2024-01-18 14:52:00+00:00,0.7720956840432723,0.21676185949155397,0.296205539814857,0.7592560507390452,0.6189350716256874,0.5459621285661671,0.6417681985869067,0.6963297754846826,0.65032625
22,2024-01-18 14:53:00+00:00,0.7743452813845546,0.10162150261823083,0.08752742520224083,0.5249628748615524,0.5885157842628908,0.49695508551017736,0.5201020581158284,0.5785251077316539,0.5887205
22,2024-01-18 14:54:00+00:00,0.7765610087880169,0.2570105283603312,0.3256560774341679,0.7809063648096399,0.6699862186032999,0.5379542339415028,0.560315857111533,0.5865199639322681,0.52068824
22,2024-01-18 14:55:00+00:00,0.7789114562191732,0.2600942055932127,0.2657005302335885,0.027505789944354635,0.28703808285050386,0.4376172265709349,0.39861987263230614,0.4705077606534566,0.43774638
22,2024-01-18 14:56:00+00:00,0.78105617240666,0.18746536156426036,0.1948100722173967,0.027505789944354635,0.15512641896251925,0.38736692330189193,0.2590368545946044,0.2935940607989788,0.26180992
22,2024-01-18 14:57:00+00:00,0.7833388677514247,0.28415188770042965,0.28542229392337254,0.027505789944354635,0.2188399328887966,0.4211815969893459,0.26311207263729014,0.4513317697263002,0.31998023
22,2024-01-18 14:58:00+00:00,0.785600731768656,0.19997024930567037,0.20942952954000088,0.027505789944354635,0.2629286628273238,0.3874281251393385,0.2676115862766372,0.4348329679504266,0.32236668
22,2024-01-18 14:59:00+00:00,0.787861126547261,0.16437506119335993,0.19212098792433813,0.027505789944354635,0.21919673133505194,0.34292903900071475,0.2565139793176002,0.3707529251048419,0.29596072
22,2024-01-18 15:00:00+00:00,0.7901609071622105,0.21845939127728858,0.22873943902033733,0.027505789944354635,0.3328099846056647,0.3553610147156443,0.25174241037892064,0.4589970411781616,0.3529359
22,2024-01-18 15:01:00+00:00,0.7923202328171391,-0.011601729034680375,0.027338687962591923,0.6729527732043515,0.33622267505016257,0.45227968808461144,0.3280865093333407,0.4878417329898675,0.38836974
22,2024-01-18 15:02:00+00:00,0.7945648685618647,0.41143707830190174,0.43346714855740925,0.16152139898712364,0.19937939768454316,0.46928177644059765,0.3741034948652624,0.41293401067465707,0.3943992
22,2024-01-18 15:03:00+00:00,0.79689107490761,0.471825976863054,0.5046935251129518,0.16152139898712364,0.23879602554796045,0.542909105447603,0.45418266515015504,0.41961145009515805,0.49327016
22,2024-01-18 15:04:00+00:00,0.7991883086676589,0.2279022791589252,0.23334254396216086,0.16152139898712364,0.256775601591645,0.5686882071835889,0.575236129152107,0.4588989713170164,0.54886186
22,2024-01-18 15:05:00+00:00,0.8014267897096834,0.28512707420330097,0.3000073234873838,0.16152139898712364,0.24410388463137891,0.5774400767395759,0.5721759085304888,0.5028040032975956,0.5503292
22,2024-01-18 15:06:00+00:00,0.8035474713742778,0.40298396091924765,0.43029910400348437,0.30721967211956047,0.35559033426817604,0.5707591591050275,0.5629199155061144,0.5159265052146732,0.5269352
22,2024-01-18 15:07:00+00:00,0.8059158124785732,0.512060412157902,0.502785850954846,0.30721967211956047,0.37072476742751237,0.5539407873012281,0.5882005605445717,0.46583518827987364,0.521553
22,2024-01-18 15:08:00+00:00,0.8082769582093754,0.5989113089268785,0.5981543688455465,0.30721967211956047,0.4083786124290435,0.578578734897281,0.6641420199520353,0.530456965917869,0.58936316
22,2024-01-18 15:09:00+00:00,0.8103885751626696,0.5966944312882201,0.5999430889520517,0.30721967211956047,0.4232091876001984,0.5944369430739526,0.6886851325908184,0.6440909992213891,0.60629225
22,2024-01-18 15:10:00+00:00,0.8126394904162911,0.6366316400127565,0.6336026054854791,0.30721967211956047,0.4229484220084441,0.5757979298054828,0.6853894942805371,0.6262227560986142,0.5474603
22,2024-01-18 15:11:00+00:00,0.814883035084467,0.6304005175999969,0.6351509603677276,0.30721967211956047,0.4269241790545695,0.562431244188069,0.6781660535348789,0.6279345164547233,0.526824
22,2024-01-18 15:12:00+00:00,0.8170849492466631,0.6398288567870334,0.6470903784829353,0.30721967211956047,0.4202558373085066,0.529356862380895,0.6886851325908184,0.6199666028254222,0.5402397
22,2024-01-18 15:13:00+00:00,0.8193656577724961,0.6098456216168269,0.6244485257612196,0.30721967211956047,0.4054183504584952,0.5202966107474625,0.6787973391825447,0.6189184660746798,0.5406905
22,2024-01-18 15:14:00+00:00,0.8215985217630973,0.6082278934573888,0.6076283574881919,0.30721967211956047,0.40268293591907667,0.49381658475775303,0.6063533919500406,0.5656839993854945,0.48548648
22,2024-01-18 15:15:00+00:00,0.8238609628583257,0.6520251240495999,0.6349546279132755,0.7402746206630971,0.584634337113719,0.5316823787122841,0.6116000495854309,0.6393723448424972,0.4959716
22,2024-01-18 15:16:00+00:00,0.8261783488394281,0.5596668043477089,0.546736447723354,0.7592560507390452,0.6504544046990032,0.6705980178476142,0.7230588263778238,0.6637692563692382,0.67561764
22,2024-01-18 15:17:00+00:00,0.8284328960044656,0.5655720815573937,0.5729273813211913,0.7592560507390452,0.6603611835564479,0.6700171241891723,0.7170960653044074,0.666932382512931,0.67248905
22,2024-01-18 15:18:00+00:00,0.8306940489506456,0.6265937382284705,0.6164645022629923,0.7592560507390452,0.6612678151870236,0.6746563551988588,0.7117641736778647,0.6720045417829529,0.65434045
22,2024-01-18 15:19:00+00:00,0.8329511211635366,0.6399162982925195,0.6493278797972151,0.7592560507390452,0.6754782140789816,0.6729839971536389,0.7117641736778647,0.6985778682974311,0.7141678
22,2024-01-18 15:20:00+00:00,0.8352027733088079,0.6782398264544125,0.6817196102035725,0.7592560507390452,0.6447099623333252,0.672863908040588,0.7117641736778647,0.6566579612771474,0.6972415
22,2024-01-18 15:21:00+00:00,0.83745774490053,0.6519849407420861,0.6606713886564723,0.7592560507390452,0.6713680335810899,0.6783606136601387,0.7117641736778647,0.6817473289341767,0.70151484
22,2024-01-18 15:22:00+00:00,0.8397124652409034,0.6440381065408336,0.6499841003412895,0.7592560507390452,0.6759196700521183,0.6833964787249349,0.7117641736778647,0.6748992989483743,0.70301455
22,2024-01-18 15:23:00+00:00,0.8419818357093453,0.2613165744185051,0.35209120143017836,0.7592560507390452,0.6308441871923303,0.545990183692071,0.6417681985869067,0.6882370337498893,0.65205145
22,2024-01-18 15:24:00+00:00,0.8442399341632236,0.14292658328831426,0.11805448165948501,0.5249628748615524,0.5879958009594761,0.5008828388131739,0.5201020581158284,0.5632996721690512,0.55709606
22,2024-01-18 15:25:00+00:00,0.8464589718171273,0.13700788867718267,0.14252468869173113,0.5249628748615524,0.6374167532924989,0.5351316154670901,0.5332206876791491,0.5187688535561932,0.5693083
22,2024-01-18 15:26:00+00:00,0.8487660691981587,0.3228990256021249,0.3267634045863099,0.027505789944354635,0.3522934849841908,0.43644421506694914,0.48895982962904877,0.5919942140218325,0.49314898
22,2024-01-18 15:27:00+00:00,0.8508961582082955,0.30017405013842025,0.3172672289445273,0.027505789944354635,0.20592360914108554,0.3976003971364656,0.2522046102699866,0.3737826090397892,0.33466583
22,2024-01-18 15:28:00+00:00,0.8532294899154929,0.2590839406129919,0.2755111911628739,0.027505789944354635,0.3099761913266223,0.36074029528109786,0.20596702263290712,0.4546312500763313,0.35425302
22,2024-01-18 15:29:00+00:00,0.8554948709057307,0.19676903330516243,0.21457288442980688,0.027505789944354635,0.23027395521886462,0.2914385483526436,0.2388416856476231,0.4350169117461366,0.3133132
22,2024-01-18 15:30:00+00:00,0.8577520575206338,0.19962736415370635,0.21315819390380236,0.027505789944354635,0.23866441337432723,0.30645135285784,0.3053812000583297,0.402949120972789,0.4100326
22,2024-01-18 15:31:00+00:00,0.8600410780588363,0.20824313022175783,0.22094580170288752,0.027505789944354635,0.22582227308629835,0.30658517614290115,0.27843266565674196,0.4474274519811003,0.3710774
22,2024-01-18 15:32:00+00:00,0.8622563999908784,0.1791576027747817,0.21393291356803024,0.16152139898712364,0.21139100441145128,0.44434377271602093,0.3509563790430199,0.41527206405052086,0.40698332
22,2024-01-18 15:33:00+00:00,0.864509163982152,0.4130028048858399,0.442476592831602,0.16152139898712364,0.20387051691590266,0.45581577526264644,0.42169483684040765,0.41450487967956584,0.39666164
22,2024-01-18 15:34:00+00:00,0.8668278623445645,0.49220806599497685,0.5146817447163681,0.16152139898712364,0.2503766683258563,0.5393419988834338,0.5221244476838958,0.4274608895924633,0.46834368
22,2024-01-18 15:35:00+00:00,0.8690565400352437,0.3072823631922943,0.29231576475019805,0.16152139898712364,0.22935400203187517,0.5674503195525707,0.5908665630739186,0.4788913041858489,0.542111
22,2024-01-18 15:36:00+00:00,0.8712628515678277,0.8447380290709856,0.8770908583470871,0.16152139898712364,0.2612415684808564,0.556877345248166,0.5524349861980664,0.4738574187900338,0.5380636
22,2024-01-18 15:37:00+00:00,0.8734048621590358,0.46919055218445177,0.4742710005711789,0.30721967211956047,0.3462842966233741,0.5614802929306384,0.5808994764734705,0.5502937430732986,0.5612953
22,2024-01-18 15:38:00+00:00,0.8757914842959519,0.4610934188019589,0.47044491692361634,0.30721967211956047,0.4267160035941519,0.5524474112328264,0.5062942530773772,0.4617223616857929,0.5219795
22,2024-01-18 15:39:00+00:00,0.8781993847550835,0.6094403018935961,0.6093247259271034,0.30721967211956047,0.39020230319368604,0.5618400868029295,0.5578376495897669,0.5250049664477593,0.581063
22,2024-01-18 15:40:00+00:00,0.8803282493781256,0.5960500741124579,0.599485959792089,0.30721967211956047,0.4263073946002134,0.5861663045736079,0.6781660535348789,0.621467882571018,0.5978677
22,2024-01-18 15:41:00+00:00,0.8825802604677558,0.5766019827262459,0.5880811889769838,0.30721967211956047,0.40556297605191555,0.574240804032673,0.6748704152245976,0.6084487238722533,0.5733834
22,2024-01-18 15:42:00+00:00,0.8848107221161904,0.5694150003146707,0.5846050526588442,0.30721967211956047,0.42989587958142766,0.5619002168870108,0.6781660535348789,0.6301646825503178,0.5406905
22,2024-01-18 15:43:00+00:00,0.8870174254876654,0.6192913668040005,0.6296588203933527,0.30721967211956047,0.41736957089416854,0.5293740719441,0.6886851325908184,0.6229372085320011,0.54546523
22,2024-01-18 15:44:00+00:00,0.8893101215753644,0.6542942561047318,0.6559650118846809,0.30721967211956047,0.39858491953349623,0.5192035059080108,0.6787973391825447,0.616825161145036,0.5273058
22,2024-01-18 15:45:00+00:00,0.8914763497536594,0.6490618975591,0.6523680175273804,0.30721967211956047,0.39475961665143394,0.48534756465919976,0.6048229320083722,0.5648783146734554,0.49404392
22,2024-01-18 15:46:00+00:00,0.8937949841625983,0.7080440365673969,0.6235102264745804,0.7402746206630971,0.5938956038718413,0.5288953684485839,0.6345409842679893,0.657693697166546,0.51569974
22,2024-01-18 15:47:00+00:00,0.8960765307101288,0.6294419116626,0.6136886133072531,0.7592560507390452,0.6672259326498992,0.6644275904268726,0.7230588263778238,0.6612209338749133,0.6799784
22,2024-01-18 15:48:00+00:00,0.8983356432470954,0.6128005740782041,0.6168499525828035,0.7592560507390452,0.6744552503714929,0.6717350790326622,0.7230588263778238,0.7020409486061598,0.70364475
22,2024-01-18 15:49:00+00:00,0.9005884365098586,0.6715610397165208,0.6728378102791787,0.7592560507390452,0.6695765375106666,0.6709837491432747,0.7170960653044074,0.7011930374064865,0.6930725
22,2024-01-18 15:50:00+00:00,0.9028431698928415,0.666399996557669,0.6689421889628451,0.7592560507390452,0.6653105268287723,0.6704104162321927,0.7117641736778647,0.6608731013586683,0.6552178
22,2024-01-18 15:51:00+00:00,0.9050934780195433,0.6985427071140902,0.7130484712975915,0.7592560507390452,0.671675120990188,0.664602294032381,0.7117641736778647,0.6896021276383483,0.6907343
22,2024-01-18 15:52:00+00:00,0.9073456320594844,0.7353237758912994,0.7348482196606896,0.7592560507390452,0.6701639443005769,0.6700496906744569,0.7117641736778647,0.685507565360133,0.7167748
22,2024-01-18 15:53:00+00:00,0.9096001076160087,0.6976413568669639,0.7054393156578452,0.7809063648096399,0.6816677472269478,0.6776784188894758,0.7117641736778647,0.6838577549454619,0.71968836
22,2024-01-18 15:54:00+00:00,0.9118592141262812,0.7259771492861593,0.7220927236286686,0.7592560507390452,0.6754169172111508,0.6765156564918834,0.7117641736778647,0.6718007696049496,0.7002127
22,2024-01-18 15:55:00+00:00,0.9141167334415639,0.6765292313477862,0.677071821646285,0.7809063648096399,0.6780778947831219,0.6757109555346256,0.7117641736778647,0.676595037033885,0.7051988
22,2024-01-18 15:56:00+00:00,0.9163714350524277,0.6585295138499139,0.6583169775190616,0.7592560507390452,0.6958338810364876,0.6730364495430646,0.7117641736778647,0.6975883991650191,0.70712566
22,2024-01-18 15:57:00+00:00,0.9186245787906322,0.6038305883309083,0.6234266827531948,0.7592560507390452,0.695060243819158,0.6738475572383928,0.7117641736778647,0.696050236119475,0.7057047
22,2024-01-18 15:58:00+00:00,0.9208790709138579,0.6194469300038539,0.6265655974625031,0.7809063648096399,0.6886474500061722,0.6822720819330688,0.7117641736778647,0.6768413249586336,0.69521147
22,2024-01-18 15:59:00+00:00,0.9231301219659469,0.6559266181768639,0.6274155539375262,0.8044256130374242,0.6433962929192119,0.6725593067579497,0.6817583579554739,0.6794790437062828,0.6511729
22,2024-01-18 16:00:00+00:00,0.9253820209709339,0.8137355754144555,0.7803737403362943,0.8044256130374242,0.642599849947426,0.6757456201982669,0.6528691686916328,0.6607275382828939,0.6366906
22,2024-01-18 16:01:00+00:00,0.9276408698065282,0.7341686045068418,0.7269175656935114,0.8044256130374242,0.6732067213867848,0.6838799461432264,0.6752120594650161,0.7004544977934054,0.65314716
22,2024-01-18 16:02:00+00:00,0.929899170839659,0.7654715062757451,0.7450293350695578,0.8044256130374242,0.7010237245525323,0.7037985711755359,0.733000511313261,0.7010060337072404,0.71162826
22,2024-01-18 16:03:00+00:00,0.9321530978588957,0.7797870361941937,0.7508614801549538,0.8044256130374242,0.7054547916334684,0.7192927478854774,0.733000511313261,0.7422893961456443,0.71862435
22,2024-01-18 16:04:00+00:00,0.934402045641789,0.7334025161139057,0.7265259404453818,0.8044256130374242,0.696601558540649,0.7107891567058492,0.733000511313261,0.7374728120947419,0.71862435
22,2024-01-18 16:05:00+00:00,0.9366552096115468,0.741004013715767,0.7247952821856152,0.9429711939238093,0.7202420109038244,0.7287267174799931,0.7403321323225918,0.7943796816306465,0.7470717
22,2024-01-18 16:06:00+00:00,0.9389135138420035,0.7309662230147471,0.7191741254293887,0.9429711939238093,0.7170442844422785,0.7163312514341381,0.7403321323225918,0.7706175718908016,0.7441094
22,2024-01-18 16:07:00+00:00,0.941171807090873,0.7050496203595888,0.7071484346847,0.7809063648096399,0.726744754706599,0.7165281891707964,0.7403321323225918,0.7645493484974833,0.7548201
22,2024-01-18 16:08:00+00:00,0.9434254153053353,0.6609283629250062,0.6739625457108127,0.9429711939238093,0.7514939326051511,0.7231429846402891,0.7403321323225918,0.7793951826631824,0.75434816
22,2024-01-18 16:09:00+00:00,0.9456758449746924,0.6882055004965726,0.6907803012122097,0.7809063648096399,0.7486300264736647,0.7330910467630829,0.7403321323225918,0.7920119482695811,0.75425303
22,2024-01-18 16:10:00+00:00,0.9479324901195656,0.716978514417129,0.6976460004757605,0.7809063648096399,0.7459881653964845,0.7248445240575029,0.7403321323225918,0.7826861122382658,0.7566021
22,2024-01-18 16:11:00+00:00,0.9501924130640446,0.6758596357115256,0.6803481859316561,0.9429711939238093,0.7511878589186136,0.7393305568979273,0.7403321323225918,0.7577744565163157,0.73766094
22,2024-01-18 16:12:00+00:00,0.9524474334667626,0.6390528897020293,0.6559938194562825,0.7809063648096399,0.7490220514298637,0.7348605832241082,0.7403321323225918,0.770930396730373,0.74097425
22,2024-01-18 16:13:00+00:00,0.954696458505286,0.815824174723446,0.7510024968642908,0.9429711939238093,0.7588591297818648,0.7639811386856137,0.7403321323225918,0.7967599351691579,0.74097425
22,2024-01-18 16:14:00+00:00,0.9569484588685333,0.7018365487068015,0.6871853141669744,0.9429711939238093,0.7662358055215852,0.7691998384354726,0.7403321323225918,0.7794938050474907,0.74097425
22,2024-01-18 16:15:00+00:00,0.9592067627193696,0.674842636892635,0.6714238455124993,0.7809063648096399,0.759771643721262,0.7705518438230109,0.7403321323225918,0.7777478071054648,0.73319536
22,2024-01-18 16:16:00+00:00,0.9614650629606037,0.696303983896684,0.67971624357406,0.9429711939238093,0.7754089480447449,0.7864693106834166,0.7403321323225918,0.8007800182197887,0.73319536
22,2024-01-18 16:17:00+00:00,0.9637181237265245,0.6293059817426685,0.6434593676795405,0.9429711939238093,0.7625918491784685,0.7809577162473668,0.7454428521252243,0.7785969756829461,0.7448309
22,2024-01-18 16:18:00+00:00,0.9659690906628964,0.6500224177950717,0.6557231258425984,0.7809063648096399,0.7621784870027529,0.7866778155322226,0.7454428521252243,0.7768509777409202,0.7499566
22,2024-01-18 16:19:00+00:00,0.9682187874513811,0.6516974782190137,0.6543715856281328,0.9429711939238093,0.7703165258231799,0.7893793433129336,0.7454428521252243,0.7807401750704451,0.7613174
22,2024-01-18 16:20:00+00:00,0.9704793976736927,0.6424720339828203,0.6535819569363543,0.7809063648096399,0.7662954422771471,0.7907510568062758,0.7454428521252243,0.7871826810120586,0.7625151
22,2024-01-18 16:21:00+00:00,0.9727384169163968,0.6013229238139464,0.626245761814754,0.7809063648096399,0.765781678192742,0.7947386728840183,0.7454428521252243,0.7799814839617129,0.76111746
22,2024-01-18 16:22:00+00:00,0.9749888475636559,0.6107474394371626,0.6297142898344287,0.7809063648096399,0.7657127845075498,0.7930811717312439,0.7454428521252243,0.7751279567099043,0.7645794
22,2024-01-18 16:23:00+00:00,0.9772407628779751,0.6437818248031069,0.6543058927263837,0.7809063648096399,0.7490641460175151,0.7821964936505299,0.7454428521252243,0.7701688706182894,0.75164
22,2024-01-18 16:24:00+00:00,0.9794937353596009,0.6752864858212537,0.6600691396258106,0.9429711939238093,0.768645696391222,0.8034810535883362,0.7454428521252243,0.7852827204369915,0.7645794
22,2024-01-18 16:25:00+00:00,0.981752025738866,0.6100398239182288,0.6294691603674696,0.7809063648096399,0.7676042959311835,0.7994010272257357,0.7454428521252243,0.7879552937547096,0.7672142
22,2024-01-18 16:26:00+00:00,0.9840103177240833,0.640163076370897,0.6455126903393054,0.7809063648096399,0.7674215893182831,0.7963318243661021,0.7454428521252243,0.7926090088689981,0.7672142
22,2024-01-18 16:27:00+00:00,0.9862581753617311,0.67202824480291,0.6608324123548711,0.7809063648096399,0.7694005793906125,0.7905915316211554,0.7454428521252243,0.7661354379382425,0.7627804
22,2024-01-18 16:28:00+00:00,0.9885102184737103,0.7564909668587565,0.7041399857951074,0.9429711939238093,0.7874202686649432,0.7917022487443296,0.7454428521252243,0.8007629501636324,0.7597872
22,2024-01-18 16:29:00+00:00,0.9907682032774435,0.6237390288351468,0.626945606924573,0.9429711939238093,0.7833609781146864,0.8024501869388628,0.7454428521252243,0.8091171592803013,0.76741886
22,2024-01-18 16:30:00+00:00,0.9930246505682264,0.6297582158052966,0.6351264745001115,0.7809063648096399,0.7639536441855416,0.7793464544877209,0.7454428521252243,0.7627489912225227,0.7638164
22,2024-01-18 16:31:00+00:00,0.9952830605457074,0.6155141200935881,0.6321491300583088,0.7809063648096399,0.7764724170364669,0.8004620257480194,0.7454428521252243,0.8011816409107485,0.76648957
22,2024-01-18 16:32:00+00:00,0.997534986457588,0.6933319454838665,0.6668336376133304,0.9429711939238093,0.7902425740004255,0.8013610198336272,0.7454428521252243,0.8054748267707842,0.76648957
22,2024-01-18 16:33:00+00:00,0.9993081639510195,0.5595299456635296,0.5952635337939018,0.7809063648096399,0.7900479490833289,0.7984380969331543,0.7454428521252243,0.8020770267761395,0.76648957
